-- ============================================================
-- NeoCC 权限体系设计文档
-- 数据库：dafuweng_auth
-- 设计原则：菜单 + 按钮 + API 三层权限，User -> Role -> Permission 模型
--
-- 角色设计（7个）：
--   1. SUPER_ADMIN       超级管理员（系统维护，不管业务）
--   2. GENERAL_MANAGER   总经理（全部业务权限）
--   3. ZONE_DIRECTOR     战区总监（本战区业务）
--   4. DEPT_MANAGER      部门经理（本部门业务）
--   5. SALES_REP         销售代表（仅自己数据）
--   6. FINANCE_SPECIALIST 金融专员（贷款审核流程）
--   7. ACCOUNTANT        会计（服务费 + 提成）
--   8. AUDITOR           审计员（只读所有数据）
-- ============================================================

USE dafuweng_auth;

-- ============================================================
-- 一、sys_role — 角色表（仅新增 GENERAL_MANAGER / ACCOUNTANT / AUDITOR，保留原有角色）
-- ============================================================

-- 清理后重新插入（保留 id 不变，避免 user_role 外键断裂）
INSERT IGNORE INTO sys_role (id, role_code, role_name, data_scope, role_sort, status, created_by, created_at, updated_by, updated_at, deleted) VALUES
(1, 'SUPER_ADMIN',        '超级管理员',   4, 1, 1, NULL, '2026-01-01 00:00:00', NULL, '2026-01-01 00:00:00', 0),
(2, 'DEPT_MANAGER',       '部门经理',     2, 2, 1, 1,    '2026-01-05 00:00:00', NULL, '2026-02-01 00:00:00', 0),
(3, 'ZONE_DIRECTOR',      '战区总监',     3, 3, 1, 1,    '2026-01-05 00:00:00', NULL, '2026-02-01 00:00:00', 0),
(4, 'SALES_REP',          '销售代表',     1, 4, 1, 1,    '2026-01-10 00:00:00', NULL, '2026-02-10 00:00:00', 0),
(5, 'FINANCE_SPECIALIST', '金融专员',     1, 5, 1, 1,    '2026-01-10 00:00:00', NULL, '2026-02-10 00:00:00', 0),
(6, 'GENERAL_MANAGER',    '总经理',       4, 6, 1, 1,    '2026-04-01 00:00:00', NULL, '2026-04-01 00:00:00', 0),
(7, 'ACCOUNTANT',         '会计',         1, 7, 1, 1,    '2026-04-01 00:00:00', NULL, '2026-04-01 00:00:00', 0),
(8, 'AUDITOR',            '审计员',       4, 8, 1, 1,    '2026-01-01 00:00:00', NULL, '2026-01-01 00:00:00', 0),
(9, 'DISABLED_ROLE',      '已禁用角色',   1, 99, 0, 1,  '2026-02-01 00:00:00', NULL, '2026-03-01 00:00:00', 0)
ON DUPLICATE KEY UPDATE
  role_name = VALUES(role_name),
  data_scope = VALUES(data_scope),
  role_sort = VALUES(role_sort),
  status = VALUES(status);

-- ============================================================
-- 二、sys_permission — 权限表
-- perm_type: 1=菜单(menu), 2=按钮(button), 3=API
-- ============================================================

-- 先软删除旧数据（不物理删除，避免 id 漂移）
UPDATE sys_permission SET deleted = 1, status = 0 WHERE deleted = 0;

-- 重新插入所有权限
INSERT IGNORE INTO sys_permission (id, parent_id, perm_code, perm_name, perm_type, perm_path, icon, sort_order, status, external_link, created_at, updated_at, deleted) VALUES

-- ----------------------------------------------------------
-- 2.1 工作台（所有用户可见）
-- ----------------------------------------------------------
(1,     0, 'DASHBOARD',              '工作台',                 1, '/dashboard',              'home',      0,   1, 0, '2026-01-01 00:00:00', '2026-01-01 00:00:00', 0),

-- ----------------------------------------------------------
-- 2.2 系统管理模块（SYSTEM / 父级 id=2）
-- ----------------------------------------------------------
(2,     0, 'SYSTEM',                  '系统管理',               1, '/system',                 'setting',   1,   1, 0, '2026-01-01 00:00:00', '2026-01-01 00:00:00', 0),

-- 系统管理子菜单
(10,    2, 'SYSTEM_USER',              '用户管理',               1, '/system/user',           'user',      1,   1, 0, '2026-01-01 00:00:00', '2026-01-01 00:00:00', 0),
(11,    2, 'SYSTEM_ROLE',              '角色管理',               1, '/system/role',           'team',      2,   1, 0, '2026-01-01 00:00:00', '2026-01-01 00:00:00', 0),
(12,    2, 'SYSTEM_PERMISSION',        '权限管理',               1, '/system/permission',     'lock',      3,   1, 0, '2026-01-01 00:00:00', '2026-01-01 00:00:00', 0),
(13,    2, 'SYSTEM_DEPT',              '部门管理',               1, '/system/department',     'apartment', 4,   1, 0, '2026-01-01 00:00:00', '2026-01-01 00:00:00', 0),
(14,    2, 'SYSTEM_ZONE',              '战区管理',               1, '/system/zone',           'global',    5,   1, 0, '2026-01-01 00:00:00', '2026-01-01 00:00:00', 0),
(15,    2, 'SYSTEM_DICT',              '数据字典',               1, '/system/dict',           'book',      6,   1, 0, '2026-01-01 00:00:00', '2026-01-01 00:00:00', 0),
(16,    2, 'SYSTEM_PARAM',             '系统参数',               1, '/system/param',          'config',    7,   1, 0, '2026-01-01 00:00:00', '2026-01-01 00:00:00', 0),
(17,    2, 'SYSTEM_LOG',               '操作日志',               1, '/system/log',            'log',       8,   1, 0, '2026-01-01 00:00:00', '2026-01-01 00:00:00', 0),

-- 系统管理按钮（属于 SYSTEM_USER）
(101,  10, 'BTN_USER_ADD',            '新增用户',               2, NULL,                      NULL,        1,   1, 0, '2026-01-01 00:00:00', '2026-01-01 00:00:00', 0),
(102,  10, 'BTN_USER_EDIT',           '编辑用户',               2, NULL,                      NULL,        2,   1, 0, '2026-01-01 00:00:00', '2026-01-01 00:00:00', 0),
(103,  10, 'BTN_USER_DEL',            '删除用户',               2, NULL,                      NULL,        3,   1, 0, '2026-01-01 00:00:00', '2026-01-01 00:00:00', 0),
(104,  10, 'BTN_USER_ALLOC_ROLE',     '分配角色',               2, NULL,                      NULL,        4,   1, 0, '2026-01-01 00:00:00', '2026-01-01 00:00:00', 0),
(105,  10, 'BTN_USER_UNLOCK',         '解锁用户',               2, NULL,                      NULL,        5,   1, 0, '2026-01-01 00:00:00', '2026-01-01 00:00:00', 0),
(106,  10, 'BTN_USER_ENABLE',         '启用/禁用用户',          2, NULL,                      NULL,        6,   1, 0, '2026-01-01 00:00:00', '2026-01-01 00:00:00', 0),

-- 系统管理按钮（属于 SYSTEM_ROLE）
(111,  11, 'BTN_ROLE_ADD',            '新增角色',               2, NULL,                      NULL,        1,   1, 0, '2026-01-01 00:00:00', '2026-01-01 00:00:00', 0),
(112,  11, 'BTN_ROLE_EDIT',           '编辑角色',               2, NULL,                      NULL,        2,   1, 0, '2026-01-01 00:00:00', '2026-01-01 00:00:00', 0),
(113,  11, 'BTN_ROLE_DEL',            '删除角色',               2, NULL,                      NULL,        3,   1, 0, '2026-01-01 00:00:00', '2026-01-01 00:00:00', 0),
(114,  11, 'BTN_ROLE_ALLOC_PERM',     '分配权限',               2, NULL,                      NULL,        4,   1, 0, '2026-01-01 00:00:00', '2026-01-01 00:00:00', 0),

-- 系统管理 API
(201,  10, 'API_USER_PAGE',            '用户分页查询',           3, '/api/sysUser/page',       NULL,        1,   1, 0, '2026-01-01 00:00:00', '2026-01-01 00:00:00', 0),
(202,  10, 'API_USER_GET',            '获取单个用户',           3, '/api/sysUser/{id}',      NULL,        2,   1, 0, '2026-01-01 00:00:00', '2026-01-01 00:00:00', 0),
(203,  10, 'API_USER_POST',           '创建用户',               3, '/api/sysUser',            NULL,        3,   1, 0, '2026-01-01 00:00:00', '2026-01-01 00:00:00', 0),
(204,  10, 'API_USER_PUT',            '更新用户',               3, '/api/sysUser',            NULL,        4,   1, 0, '2026-01-01 00:00:00', '2026-01-01 00:00:00', 0),
(205,  10, 'API_USER_DEL',            '删除用户',               3, '/api/sysUser/{id}',      NULL,        5,   1, 0, '2026-01-01 00:00:00', '2026-01-01 00:00:00', 0),
(206,  10, 'API_USER_ENABLE',         '启用/禁用用户',          3, '/api/sysUser/{id}/status',NULL,       6,   1, 0, '2026-01-01 00:00:00', '2026-01-01 00:00:00', 0),

(211,  11, 'API_ROLE_PAGE',           '角色分页查询',           3, '/api/sysRole/page',       NULL,        1,   1, 0, '2026-01-01 00:00:00', '2026-01-01 00:00:00', 0),
(212,  11, 'API_ROLE_GET',            '获取单个角色',           3, '/api/sysRole/{id}',      NULL,        2,   1, 0, '2026-01-01 00:00:00', '2026-01-01 00:00:00', 0),
(213,  11, 'API_ROLE_POST',           '创建角色',               3, '/api/sysRole',            NULL,        3,   1, 0, '2026-01-01 00:00:00', '2026-01-01 00:00:00', 0),
(214,  11, 'API_ROLE_PUT',            '更新角色',               3, '/api/sysRole',            NULL,        4,   1, 0, '2026-01-01 00:00:00', '2026-01-01 00:00:00', 0),
(215,  11, 'API_ROLE_DEL',            '删除角色',               3, '/api/sysRole/{id}',      NULL,        5,   1, 0, '2026-01-01 00:00:00', '2026-01-01 00:00:00', 0),

(221,  12, 'API_PERM_TREELIST',       '权限树查询',             3, '/api/sysPermission/treeList',NULL,    1,   1, 0, '2026-01-01 00:00:00', '2026-01-01 00:00:00', 0),
(222,  12, 'API_PERM_ASSIGN',         '分配权限',               3, '/api/sysRole/{id}/permissions',NULL,  2,   1, 0, '2026-01-01 00:00:00', '2026-01-01 00:00:00', 0),

-- ----------------------------------------------------------
-- 2.3 销售管理模块（父级 id=3）
-- ----------------------------------------------------------
(3,     0, 'SALES',                   '销售管理',               1, '/sales',                  'chart',     2,   1, 0, '2026-01-01 00:00:00', '2026-01-01 00:00:00', 0),

-- 销售子菜单
(300,   3, 'SALES_CUSTOMER_LIST',     '客户管理',               1, '/sales/customer',        'people',    1,   1, 0, '2026-01-01 00:00:00', '2026-01-01 00:00:00', 0),
/*(301,   3, 'SALES_CUSTOMER_ADD',      '新增客户',               1, '/sales/customer/add',    NULL,        2,   1, 0, '2026-01-01 00:00:00', '2026-01-01 00:00:00', 0),
(302,   3, 'SALES_CUSTOMER_EDIT',     '编辑客户',               1, '/sales/customer/edit/:id',NULL,       3,   1, 0, '2026-01-01 00:00:00', '2026-01-01 00:00:00', 0),
(303,   3, 'SALES_CUSTOMER_VIEW',     '客户详情',               1, '/sales/customer/:id',    NULL,        4,   1, 0, '2026-01-01 00:00:00', '2026-01-01 00:00:00', 0),
*/(304,   3, 'SALES_PUBLIC_SEA',        '公海客户',               1, '/sales/customer/public-sea','cloud',  2,   1, 0, '2026-01-01 00:00:00', '2026-01-01 00:00:00', 0),
(305,   3, 'SALES_CONTACT',           '跟进记录',               1, '/sales/contact',         'message',   3,   1, 0, '2026-01-01 00:00:00', '2026-01-01 00:00:00', 0),
(306,   3, 'SALES_CONTRACT_LIST',     '合同列表',               1, '/sales/contract',        'file-text', 4,   1, 0, '2026-01-01 00:00:00', '2026-01-01 00:00:00', 0),
(307,   3, 'SALES_CONTRACT_ADD',      '新增合同',               1, '/sales/contract/add',    NULL,        5,   1, 0, '2026-01-01 00:00:00', '2026-01-01 00:00:00', 0),
(308,   3, 'SALES_CONTRACT_EDIT',     '编辑合同',               1, '/sales/contract/edit/:id',NULL,      6,   1, 0, '2026-01-01 00:00:00', '2026-01-01 00:00:00', 0),
(309,   3, 'SALES_CONTRACT_VIEW',     '合同详情',               1, '/sales/contract/:id',    NULL,        7,   1, 0, '2026-01-01 00:00:00', '2026-01-01 00:00:00', 0),
(310,   3, 'SALES_CONTRACT_SIGN',     '合同签署',               1, '/sales/contract/:id/sign',NULL,      8,   1, 0, '2026-01-01 00:00:00', '2026-01-01 00:00:00', 0),
(311,   3, 'SALES_WORKLOG',           '工作日志',               1, '/sales/worklog',         'edit',      9,   1, 0, '2026-01-01 00:00:00', '2026-01-01 00:00:00', 0),
(312,   3, 'SALES_TRANSFER',          '客户转移记录',           1, '/sales/transfer',        'swap',      10,  1, 0, '2026-01-01 00:00:00', '2026-01-01 00:00:00', 0),

-- 销售管理按钮（客户）
(320, 300, 'BTN_CUSTOMER_VIEW',      '查看客户',                2, NULL,  NULL, 1, 1, 0, '2026-01-01 00:00:00', '2026-01-01 00:00:00', 0),
(321, 300, 'BTN_CUSTOMER_ADD',        '新增客户',                2, NULL,  NULL, 2, 1, 0, '2026-01-01 00:00:00', '2026-01-01 00:00:00', 0),
(322, 300, 'BTN_CUSTOMER_EDIT',       '编辑客户',                2, NULL,  NULL, 3, 1, 0, '2026-01-01 00:00:00', '2026-01-01 00:00:00', 0),
(323, 300, 'BTN_CUSTOMER_TRANSFER',   '转移客户',                2, NULL,  NULL, 4, 1, 0, '2026-01-01 00:00:00', '2026-01-01 00:00:00', 0),
(324, 300, 'BTN_CUSTOMER_ANNOTATION', '客户批注',               2, NULL,  NULL, 5, 1, 0, '2026-01-01 00:00:00', '2026-01-01 00:00:00', 0),
(325, 304, 'BTN_PUBLIC_SEA_CLAIM',    '领取公海客户',            2, NULL,  NULL, 1, 1, 0, '2026-01-01 00:00:00', '2026-01-01 00:00:00', 0),

-- 销售管理按钮（合同）
(330, 306, 'BTN_CONTRACT_VIEW',       '查看合同',                2, NULL,  NULL, 1, 1, 0, '2026-01-01 00:00:00', '2026-01-01 00:00:00', 0),
(331, 306, 'BTN_CONTRACT_ADD',       '新增合同',                2, NULL,  NULL, 2, 1, 0, '2026-01-01 00:00:00', '2026-01-01 00:00:00', 0),
(332, 306, 'BTN_CONTRACT_EDIT',      '编辑合同',                2, NULL,  NULL, 3, 1, 0, '2026-01-01 00:00:00', '2026-01-01 00:00:00', 0),
(333, 306, 'BTN_CONTRACT_SIGN',      '签署合同',                2, NULL,  NULL, 4, 1, 0, '2026-01-01 00:00:00', '2026-01-01 00:00:00', 0),
(334, 306, 'BTN_CONTRACT_TRANSFER',  '转移合同',                2, NULL,  NULL, 5, 1, 0, '2026-01-01 00:00:00', '2026-01-01 00:00:00', 0),

-- 销售管理按钮（跟进 + 日志）
(340, 305, 'BTN_CONTACT_VIEW',       '查看跟进',                2, NULL,  NULL, 1, 1, 0, '2026-01-01 00:00:00', '2026-01-01 00:00:00', 0),
(341, 305, 'BTN_CONTACT_ADD',        '新增跟进',                2, NULL,  NULL, 2, 1, 0, '2026-01-01 00:00:00', '2026-01-01 00:00:00', 0),
(342, 305, 'BTN_CONTACT_EDIT',      '编辑跟进',                2, NULL,  NULL, 3, 1, 0, '2026-01-01 00:00:00', '2026-01-01 00:00:00', 0),
(343, 305, 'BTN_CONTACT_DEL',       '删除跟进',                2, NULL,  NULL, 4, 1, 0, '2026-01-01 00:00:00', '2026-01-01 00:00:00', 0),

(350, 311, 'BTN_WORKLOG_VIEW',       '查看日志',                2, NULL,  NULL, 1, 1, 0, '2026-01-01 00:00:00', '2026-01-01 00:00:00', 0),
(351, 311, 'BTN_WORKLOG_ADD',        '新增日志',                2, NULL,  NULL, 2, 1, 0, '2026-01-01 00:00:00', '2026-01-01 00:00:00', 0),
(352, 311, 'BTN_WORKLOG_EDIT',      '编辑日志',                2, NULL,  NULL, 3, 1, 0, '2026-01-01 00:00:00', '2026-01-01 00:00:00', 0),

-- 销售管理 API
(400, 300, 'API_CUSTOMER_PAGE',      '客户分页查询',            3, '/api/customer/page',         NULL, 1, 1, 0, '2026-01-01 00:00:00', '2026-01-01 00:00:00', 0),
(401, 300, 'API_CUSTOMER_GET',       '获取客户详情',            3, '/api/customer/{id}',        NULL, 2, 1, 0, '2026-01-01 00:00:00', '2026-01-01 00:00:00', 0),
(402, 300, 'API_CUSTOMER_POST',      '创建客户',                3, '/api/customer',             NULL, 3, 1, 0, '2026-01-01 00:00:00', '2026-01-01 00:00:00', 0),
(403, 300, 'API_CUSTOMER_PUT',       '更新客户',                3, '/api/customer/{id}',        NULL, 4, 1, 0, '2026-01-01 00:00:00', '2026-01-01 00:00:00', 0),
(404, 300, 'API_CUSTOMER_TRANSFER',  '转移客户',                3, '/api/customer/{id}/transfer', NULL, 5, 1, 0, '2026-01-01 00:00:00', '2026-01-01 00:00:00', 0),
(405, 300, 'API_CUSTOMER_CLAIM',     '领取公海客户',            3, '/api/customer/{id}/claim',  NULL, 6, 1, 0, '2026-01-01 00:00:00', '2026-01-01 00:00:00', 0),

(410, 305, 'API_CONTACT_PAGE',       '跟进分页查询',            3, '/api/contactRecord/page',   NULL, 1, 1, 0, '2026-01-01 00:00:00', '2026-01-01 00:00:00', 0),
(411, 305, 'API_CONTACT_GET',        '获取跟进详情',            3, '/api/contactRecord/{id}',  NULL, 2, 1, 0, '2026-01-01 00:00:00', '2026-01-01 00:00:00', 0),
(412, 305, 'API_CONTACT_POST',       '创建跟进记录',            3, '/api/contactRecord',        NULL, 3, 1, 0, '2026-01-01 00:00:00', '2026-01-01 00:00:00', 0),
(413, 305, 'API_CONTACT_PUT',        '更新跟进记录',            3, '/api/contactRecord/{id}',  NULL, 4, 1, 0, '2026-01-01 00:00:00', '2026-01-01 00:00:00', 0),
(414, 305, 'API_CONTACT_DEL',        '删除跟进记录',            3, '/api/contactRecord/{id}',  NULL, 5, 1, 0, '2026-01-01 00:00:00', '2026-01-01 00:00:00', 0),

(420, 306, 'API_CONTRACT_PAGE',      '合同分页查询',            3, '/api/contract/page',        NULL, 1, 1, 0, '2026-01-01 00:00:00', '2026-01-01 00:00:00', 0),
(421, 306, 'API_CONTRACT_GET',       '获取合同详情',            3, '/api/contract/{id}',       NULL, 2, 1, 0, '2026-01-01 00:00:00', '2026-01-01 00:00:00', 0),
(422, 306, 'API_CONTRACT_POST',      '创建合同',                3, '/api/contract',            NULL, 3, 1, 0, '2026-01-01 00:00:00', '2026-01-01 00:00:00', 0),
(423, 306, 'API_CONTRACT_PUT',       '更新合同',                3, '/api/contract/{id}',       NULL, 4, 1, 0, '2026-01-01 00:00:00', '2026-01-01 00:00:00', 0),
(424, 306, 'API_CONTRACT_SIGN',      '签署合同',                3, '/api/contract/{id}/sign',  NULL, 5, 1, 0, '2026-01-01 00:00:00', '2026-01-01 00:00:00', 0),
(425, 306, 'API_CONTRACT_TRANSFER',  '转移合同',                3, '/api/contract/{id}/transfer', NULL, 6, 1, 0, '2026-01-01 00:00:00', '2026-01-01 00:00:00', 0),

(430, 311, 'API_WORKLOG_PAGE',       '日志分页查询',            3, '/api/workLog/page',         NULL, 1, 1, 0, '2026-01-01 00:00:00', '2026-01-01 00:00:00', 0),
(431, 311, 'API_WORKLOG_POST',       '创建工作日志',            3, '/api/workLog',             NULL, 2, 1, 0, '2026-01-01 00:00:00', '2026-01-01 00:00:00', 0),
(432, 311, 'API_WORKLOG_PUT',        '更新工作日志',            3, '/api/workLog/{id}',        NULL, 3, 1, 0, '2026-01-01 00:00:00', '2026-01-01 00:00:00', 0),

(440, 312, 'API_TRANSFER_PAGE',      '转移记录查询',            3, '/api/customerTransferLog/page', NULL, 1, 1, 0, '2026-01-01 00:00:00', '2026-01-01 00:00:00', 0),

-- ----------------------------------------------------------
-- 2.4 金融审核模块（父级 id=4）
-- ----------------------------------------------------------
(4,     0, 'FINANCE',                '金融审核',               1, '/finance',                 'banknote',  3,   1, 0, '2026-01-01 00:00:00', '2026-01-01 00:00:00', 0),

-- 金融子菜单
(500,   4, 'FINANCE_BANK',            '银行管理',               1, '/finance/bank',           'bank',      1,   1, 0, '2026-01-01 00:00:00', '2026-01-01 00:00:00', 0),
(501,   4, 'FINANCE_PRODUCT',         '金融产品',               1, '/finance/product',        'product',   2,   1, 0, '2026-01-01 00:00:00', '2026-01-01 00:00:00', 0),
(502,   4, 'FINANCE_LOAN_AUDIT',      '贷款审核',               1, '/finance/loan-audit',     'audit',     3,   1, 0, '2026-01-01 00:00:00', '2026-01-01 00:00:00', 0),
(503,   4, 'FINANCE_COMMISSION',      '提成记录',               1, '/finance/commission',     'gift',      4,   1, 0, '2026-01-01 00:00:00', '2026-01-01 00:00:00', 0),
(504,   4, 'FINANCE_SERVICE_FEE',     '服务费记录',             1, '/finance/service-fee',    'money',     5,   1, 0, '2026-01-01 00:00:00', '2026-01-01 00:00:00', 0),

-- 金融管理按钮（银行+产品）
(510, 500, 'BTN_BANK_VIEW',          '查看银行',                2, NULL,  NULL, 1, 1, 0, '2026-01-01 00:00:00', '2026-01-01 00:00:00', 0),
(511, 500, 'BTN_BANK_ADD',           '新增银行',                2, NULL,  NULL, 2, 1, 0, '2026-01-01 00:00:00', '2026-01-01 00:00:00', 0),
(512, 500, 'BTN_BANK_EDIT',          '编辑银行',                2, NULL,  NULL, 3, 1, 0, '2026-01-01 00:00:00', '2026-01-01 00:00:00', 0),
(513, 500, 'BTN_BANK_DEL',           '删除银行',                2, NULL,  NULL, 4, 1, 0, '2026-01-01 00:00:00', '2026-01-01 00:00:00', 0),

(520, 501, 'BTN_PRODUCT_VIEW',       '查看产品',                2, NULL,  NULL, 1, 1, 0, '2026-01-01 00:00:00', '2026-01-01 00:00:00', 0),
(521, 501, 'BTN_PRODUCT_ADD',        '新增产品',                2, NULL,  NULL, 2, 1, 0, '2026-01-01 00:00:00', '2026-01-01 00:00:00', 0),
(522, 501, 'BTN_PRODUCT_EDIT',       '编辑产品',                2, NULL,  NULL, 3, 1, 0, '2026-01-01 00:00:00', '2026-01-01 00:00:00', 0),
(523, 501, 'BTN_PRODUCT_DEL',        '删除产品',                2, NULL,  NULL, 4, 1, 0, '2026-01-01 00:00:00', '2026-01-01 00:00:00', 0),
(524, 501, 'BTN_PRODUCT_ONOFF',      '上线/下线产品',           2, NULL,  NULL, 5, 1, 0, '2026-01-01 00:00:00', '2026-01-01 00:00:00', 0),

-- 金融管理按钮（贷款审核）
(530, 502, 'BTN_LOAN_VIEW',          '查看审核',                2, NULL,  NULL, 1, 1, 0, '2026-01-01 00:00:00', '2026-01-01 00:00:00', 0),
(531, 502, 'BTN_LOAN_RECEIVE',       '接收合同',                2, NULL,  NULL, 2, 1, 0, '2026-01-01 00:00:00', '2026-01-01 00:00:00', 0),
(532, 502, 'BTN_LOAN_REVIEW',        '初审',                    2, NULL,  NULL, 3, 1, 0, '2026-01-01 00:00:00', '2026-01-01 00:00:00', 0),
(533, 502, 'BTN_LOAN_SUBMIT_BANK',  '提交银行',                 2, NULL,  NULL, 4, 1, 0, '2026-01-01 00:00:00', '2026-01-01 00:00:00', 0),
(534, 502, 'BTN_LOAN_BANK_RESULT',   '银行结果录入',             2, NULL,  NULL, 5, 1, 0, '2026-01-01 00:00:00', '2026-01-01 00:00:00', 0),
(535, 502, 'BTN_LOAN_APPROVE',       '终审通过',                 2, NULL,  NULL, 6, 1, 0, '2026-01-01 00:00:00', '2026-01-01 00:00:00', 0),
(536, 502, 'BTN_LOAN_REJECT',        '终审拒绝',                 2, NULL,  NULL, 7, 1, 0, '2026-01-01 00:00:00', '2026-01-01 00:00:00', 0),

-- 金融管理按钮（提成+服务费）
(540, 503, 'BTN_COMMISSION_VIEW',    '查看提成',                2, NULL,  NULL, 1, 1, 0, '2026-01-01 00:00:00', '2026-01-01 00:00:00', 0),
(541, 503, 'BTN_COMMISSION_CONFIRM', '确认提成',                2, NULL,  NULL, 2, 1, 0, '2026-01-01 00:00:00', '2026-01-01 00:00:00', 0),
(542, 503, 'BTN_COMMISSION_GRANT',   '发放提成',                2, NULL,  NULL, 3, 1, 0, '2026-01-01 00:00:00', '2026-01-01 00:00:00', 0),

(550, 504, 'BTN_FEE_VIEW',           '查看服务费',              2, NULL,  NULL, 1, 1, 0, '2026-01-01 00:00:00', '2026-01-01 00:00:00', 0),
(551, 504, 'BTN_FEE_CONFIRM',       '确认收款',                 2, NULL,  NULL, 2, 1, 0, '2026-01-01 00:00:00', '2026-01-01 00:00:00', 0),
(552, 504, 'BTN_FEE_EDIT',          '编辑服务费',               2, NULL,  NULL, 3, 1, 0, '2026-01-01 00:00:00', '2026-01-01 00:00:00', 0),

-- 金融管理 API
(600, 500, 'API_BANK_PAGE',          '银行分页查询',            3, '/api/bank/page',          NULL, 1, 1, 0, '2026-01-01 00:00:00', '2026-01-01 00:00:00', 0),
(601, 500, 'API_BANK_GET',           '获取银行详情',            3, '/api/bank/{id}',          NULL, 2, 1, 0, '2026-01-01 00:00:00', '2026-01-01 00:00:00', 0),
(602, 500, 'API_BANK_POST',          '创建银行',                3, '/api/bank',               NULL, 3, 1, 0, '2026-01-01 00:00:00', '2026-01-01 00:00:00', 0),
(603, 500, 'API_BANK_PUT',           '更新银行',                3, '/api/bank/{id}',          NULL, 4, 1, 0, '2026-01-01 00:00:00', '2026-01-01 00:00:00', 0),
(604, 500, 'API_BANK_DEL',           '删除银行',                3, '/api/bank/{id}',          NULL, 5, 1, 0, '2026-01-01 00:00:00', '2026-01-01 00:00:00', 0),

(610, 501, 'API_PRODUCT_PAGE',       '产品分页查询',            3, '/api/financeProduct/page',NULL, 1, 1, 0, '2026-01-01 00:00:00', '2026-01-01 00:00:00', 0),
(611, 501, 'API_PRODUCT_GET',        '获取产品详情',            3, '/api/financeProduct/{id}',NULL, 2, 1, 0, '2026-01-01 00:00:00', '2026-01-01 00:00:00', 0),
(612, 501, 'API_PRODUCT_POST',       '创建产品',                3, '/api/financeProduct',    NULL, 3, 1, 0, '2026-01-01 00:00:00', '2026-01-01 00:00:00', 0),
(613, 501, 'API_PRODUCT_PUT',        '更新产品',                3, '/api/financeProduct/{id}',NULL, 4, 1, 0, '2026-01-01 00:00:00', '2026-01-01 00:00:00', 0),
(614, 501, 'API_PRODUCT_DEL',        '删除产品',                3, '/api/financeProduct/{id}',NULL, 5, 1, 0, '2026-01-01 00:00:00', '2026-01-01 00:00:00', 0),

(620, 502, 'API_LOAN_PAGE',          '贷款审核分页',            3, '/api/loanAudit/page',    NULL, 1, 1, 0, '2026-01-01 00:00:00', '2026-01-01 00:00:00', 0),
(621, 502, 'API_LOAN_GET',           '获取审核详情',            3, '/api/loanAudit/{id}',    NULL, 2, 1, 0, '2026-01-01 00:00:00', '2026-01-01 00:00:00', 0),
(622, 502, 'API_LOAN_RECEIVE',       '接收合同',                 3, '/api/loanAudit/{id}/receive', NULL, 3, 1, 0, '2026-01-01 00:00:00', '2026-01-01 00:00:00', 0),
(623, 502, 'API_LOAN_REVIEW',        '初审',                     3, '/api/loanAudit/{id}/review', NULL, 4, 1, 0, '2026-01-01 00:00:00', '2026-01-01 00:00:00', 0),
(624, 502, 'API_LOAN_SUBMIT_BANK',   '提交银行',                 3, '/api/loanAudit/{id}/submit-bank', NULL, 5, 1, 0, '2026-01-01 00:00:00', '2026-01-01 00:00:00', 0),
(625, 502, 'API_LOAN_BANK_RESULT',  '银行结果录入',              3, '/api/loanAudit/{id}/bank-result', NULL, 6, 1, 0, '2026-01-01 00:00:00', '2026-01-01 00:00:00', 0),
(626, 502, 'API_LOAN_APPROVE',       '终审通过',                 3, '/api/loanAudit/{id}/approve', NULL, 7, 1, 0, '2026-01-01 00:00:00', '2026-01-01 00:00:00', 0),
(627, 502, 'API_LOAN_REJECT',        '终审拒绝',                 3, '/api/loanAudit/{id}/reject', NULL, 8, 1, 0, '2026-01-01 00:00:00', '2026-01-01 00:00:00', 0),
(628, 502, 'API_LOAN_RECORD',        '审核记录查询',              3, '/api/loanAuditRecord/listByAuditId', NULL, 9, 1, 0, '2026-01-01 00:00:00', '2026-01-01 00:00:00', 0),

(630, 503, 'API_COMMISSION_PAGE',    '提成记录分页',            3, '/api/commissionRecord/page', NULL, 1, 1, 0, '2026-01-01 00:00:00', '2026-01-01 00:00:00', 0),
(631, 503, 'API_COMMISSION_CONFIRM', '确认提成',                3, '/api/commissionRecord/{id}/confirm', NULL, 2, 1, 0, '2026-01-01 00:00:00', '2026-01-01 00:00:00', 0),
(632, 503, 'API_COMMISSION_GRANT',  '发放提成',                3, '/api/commissionRecord/{id}/grant', NULL, 3, 1, 0, '2026-01-01 00:00:00', '2026-01-01 00:00:00', 0),

(640, 504, 'API_FEE_PAGE',           '服务费分页',              3, '/api/serviceFeeRecord/page', NULL, 1, 1, 0, '2026-01-01 00:00:00', '2026-01-01 00:00:00', 0),
(641, 504, 'API_FEE_GET',            '获取服务费详情',          3, '/api/serviceFeeRecord/{id}', NULL, 2, 1, 0, '2026-01-01 00:00:00', '2026-01-01 00:00:00', 0),
(642, 504, 'API_FEE_PUT',            '更新服务费',              3, '/api/serviceFeeRecord/{id}', NULL, 3, 1, 0, '2026-01-01 00:00:00', '2026-01-01 00:00:00', 0),

-- ----------------------------------------------------------
-- 2.5 业绩统计模块（父级 id=5，供部门经理/战区总监/总经理查看）
-- ----------------------------------------------------------
(5,     0, 'PERFORMANCE',            '业绩统计',               1, '/performance',             'bar-chart', 4,   1, 0, '2026-01-01 00:00:00', '2026-01-01 00:00:00', 0),
(700,   5, 'PERF_SUMMARY',            '业绩汇总',               1, '/performance/summary',   NULL,        1,   1, 0, '2026-01-01 00:00:00', '2026-01-01 00:00:00', 0),
(701,   5, 'PERF_RANKING',            '业绩排名',               1, '/performance/ranking',   NULL,        2,   1, 0, '2026-01-01 00:00:00', '2026-01-01 00:00:00', 0),

-- ----------------------------------------------------------
-- 2.6 边界测试数据
-- ----------------------------------------------------------
(998,   2, 'SYSTEM_EXTERNAL_LINK',  '外部链接',               1, 'https://www.baidu.com',  'link',     98,  1, 1, '2026-01-01 00:00:00', '2026-01-01 00:00:00', 0),
(999,   2, 'SYSTEM_DISABLED_MENU',  '已禁用菜单',             1, '/system/disabled',       'stop',     99,  0, 0, '2026-01-01 00:00:00', '2026-01-01 00:00:00', 0);

-- ============================================================
-- 三、sys_role_permission — 角色权限分配
-- ============================================================

-- 先清空（避免旧数据残留）
DELETE FROM sys_role_permission;

-- ----------------------------------------------------------
-- 3.1 SUPER_ADMIN（超级管理员）— 全系统所有权限
-- ----------------------------------------------------------
-- 菜单
INSERT IGNORE INTO sys_role_permission (role_id, permission_id, created_at) VALUES
(1, 1, '2026-01-01 00:00:00'),  -- 工作台
-- 系统管理（全部菜单 + 全部按钮 + 全部 API）
(1, 2, '2026-01-01 00:00:00'),
(1, 10, '2026-01-01 00:00:00'),
(1, 11, '2026-01-01 00:00:00'),
(1, 12, '2026-01-01 00:00:00'),
(1, 13, '2026-01-01 00:00:00'),
(1, 14, '2026-01-01 00:00:00'),
(1, 15, '2026-01-01 00:00:00'),
(1, 16, '2026-01-01 00:00:00'),
(1, 17, '2026-01-01 00:00:00'),
-- 系统管理按钮
(1, 101, '2026-01-01 00:00:00'),
(1, 102, '2026-01-01 00:00:00'),
(1, 103, '2026-01-01 00:00:00'),
(1, 104, '2026-01-01 00:00:00'),
(1, 105, '2026-01-01 00:00:00'),
(1, 106, '2026-01-01 00:00:00'),
(1, 111, '2026-01-01 00:00:00'),
(1, 112, '2026-01-01 00:00:00'),
(1, 113, '2026-01-01 00:00:00'),
(1, 114, '2026-01-01 00:00:00'),
-- 系统管理 API
(1, 201, '2026-01-01 00:00:00'),
(1, 202, '2026-01-01 00:00:00'),
(1, 203, '2026-01-01 00:00:00'),
(1, 204, '2026-01-01 00:00:00'),
(1, 205, '2026-01-01 00:00:00'),
(1, 206, '2026-01-01 00:00:00'),
(1, 211, '2026-01-01 00:00:00'),
(1, 212, '2026-01-01 00:00:00'),
(1, 213, '2026-01-01 00:00:00'),
(1, 214, '2026-01-01 00:00:00'),
(1, 215, '2026-01-01 00:00:00'),
(1, 221, '2026-01-01 00:00:00'),
(1, 222, '2026-01-01 00:00:00'),
-- 销售管理（全部菜单）
(1, 3, '2026-01-01 00:00:00'),
(1, 300, '2026-01-01 00:00:00'),
(1, 301, '2026-01-01 00:00:00'),
(1, 302, '2026-01-01 00:00:00'),
(1, 303, '2026-01-01 00:00:00'),
(1, 304, '2026-01-01 00:00:00'),
(1, 305, '2026-01-01 00:00:00'),
(1, 306, '2026-01-01 00:00:00'),
(1, 307, '2026-01-01 00:00:00'),
(1, 308, '2026-01-01 00:00:00'),
(1, 309, '2026-01-01 00:00:00'),
(1, 310, '2026-01-01 00:00:00'),
(1, 311, '2026-01-01 00:00:00'),
(1, 312, '2026-01-01 00:00:00'),
-- 销售全部按钮
(1, 320, '2026-01-01 00:00:00'),
(1, 321, '2026-01-01 00:00:00'),
(1, 322, '2026-01-01 00:00:00'),
(1, 323, '2026-01-01 00:00:00'),
(1, 324, '2026-01-01 00:00:00'),
(1, 325, '2026-01-01 00:00:00'),
(1, 330, '2026-01-01 00:00:00'),
(1, 331, '2026-01-01 00:00:00'),
(1, 332, '2026-01-01 00:00:00'),
(1, 333, '2026-01-01 00:00:00'),
(1, 334, '2026-01-01 00:00:00'),
(1, 340, '2026-01-01 00:00:00'),
(1, 341, '2026-01-01 00:00:00'),
(1, 342, '2026-01-01 00:00:00'),
(1, 343, '2026-01-01 00:00:00'),
(1, 350, '2026-01-01 00:00:00'),
(1, 351, '2026-01-01 00:00:00'),
(1, 352, '2026-01-01 00:00:00'),
-- 销售全部 API
(1, 400, '2026-01-01 00:00:00'),
(1, 401, '2026-01-01 00:00:00'),
(1, 402, '2026-01-01 00:00:00'),
(1, 403, '2026-01-01 00:00:00'),
(1, 404, '2026-01-01 00:00:00'),
(1, 405, '2026-01-01 00:00:00'),
(1, 410, '2026-01-01 00:00:00'),
(1, 411, '2026-01-01 00:00:00'),
(1, 412, '2026-01-01 00:00:00'),
(1, 413, '2026-01-01 00:00:00'),
(1, 414, '2026-01-01 00:00:00'),
(1, 420, '2026-01-01 00:00:00'),
(1, 421, '2026-01-01 00:00:00'),
(1, 422, '2026-01-01 00:00:00'),
(1, 423, '2026-01-01 00:00:00'),
(1, 424, '2026-01-01 00:00:00'),
(1, 425, '2026-01-01 00:00:00'),
(1, 430, '2026-01-01 00:00:00'),
(1, 431, '2026-01-01 00:00:00'),
(1, 432, '2026-01-01 00:00:00'),
(1, 440, '2026-01-01 00:00:00'),
-- 金融审核（全部菜单）
(1, 4, '2026-01-01 00:00:00'),
(1, 500, '2026-01-01 00:00:00'),
(1, 501, '2026-01-01 00:00:00'),
(1, 502, '2026-01-01 00:00:00'),
(1, 503, '2026-01-01 00:00:00'),
(1, 504, '2026-01-01 00:00:00'),
-- 金融全部按钮
(1, 510, '2026-01-01 00:00:00'),
(1, 511, '2026-01-01 00:00:00'),
(1, 512, '2026-01-01 00:00:00'),
(1, 513, '2026-01-01 00:00:00'),
(1, 520, '2026-01-01 00:00:00'),
(1, 521, '2026-01-01 00:00:00'),
(1, 522, '2026-01-01 00:00:00'),
(1, 523, '2026-01-01 00:00:00'),
(1, 524, '2026-01-01 00:00:00'),
(1, 530, '2026-01-01 00:00:00'),
(1, 531, '2026-01-01 00:00:00'),
(1, 532, '2026-01-01 00:00:00'),
(1, 533, '2026-01-01 00:00:00'),
(1, 534, '2026-01-01 00:00:00'),
(1, 535, '2026-01-01 00:00:00'),
(1, 536, '2026-01-01 00:00:00'),
(1, 540, '2026-01-01 00:00:00'),
(1, 541, '2026-01-01 00:00:00'),
(1, 542, '2026-01-01 00:00:00'),
(1, 550, '2026-01-01 00:00:00'),
(1, 551, '2026-01-01 00:00:00'),
(1, 552, '2026-01-01 00:00:00'),
-- 金融全部 API
(1, 600, '2026-01-01 00:00:00'),
(1, 601, '2026-01-01 00:00:00'),
(1, 602, '2026-01-01 00:00:00'),
(1, 603, '2026-01-01 00:00:00'),
(1, 604, '2026-01-01 00:00:00'),
(1, 610, '2026-01-01 00:00:00'),
(1, 611, '2026-01-01 00:00:00'),
(1, 612, '2026-01-01 00:00:00'),
(1, 613, '2026-01-01 00:00:00'),
(1, 614, '2026-01-01 00:00:00'),
(1, 620, '2026-01-01 00:00:00'),
(1, 621, '2026-01-01 00:00:00'),
(1, 622, '2026-01-01 00:00:00'),
(1, 623, '2026-01-01 00:00:00'),
(1, 624, '2026-01-01 00:00:00'),
(1, 625, '2026-01-01 00:00:00'),
(1, 626, '2026-01-01 00:00:00'),
(1, 627, '2026-01-01 00:00:00'),
(1, 628, '2026-01-01 00:00:00'),
(1, 630, '2026-01-01 00:00:00'),
(1, 631, '2026-01-01 00:00:00'),
(1, 632, '2026-01-01 00:00:00'),
(1, 640, '2026-01-01 00:00:00'),
(1, 641, '2026-01-01 00:00:00'),
(1, 642, '2026-01-01 00:00:00'),
-- 业绩统计
(1, 5, '2026-01-01 00:00:00'),
(1, 700, '2026-01-01 00:00:00'),
(1, 701, '2026-01-01 00:00:00');

-- ----------------------------------------------------------
-- 3.2 GENERAL_MANAGER（总经理）— 全业务线，不做系统维护
-- ----------------------------------------------------------
INSERT INTO sys_role_permission (role_id, permission_id, created_at) VALUES
(6, 1, '2026-04-01 00:00:00'),  -- 工作台
-- 销售管理（全部菜单）
(6, 3, '2026-04-01 00:00:00'),
(6, 300, '2026-04-01 00:00:00'),
(6, 301, '2026-04-01 00:00:00'),
(6, 302, '2026-04-01 00:00:00'),
(6, 303, '2026-04-01 00:00:00'),
(6, 304, '2026-04-01 00:00:00'),
(6, 305, '2026-04-01 00:00:00'),
(6, 306, '2026-04-01 00:00:00'),
(6, 307, '2026-04-01 00:00:00'),
(6, 308, '2026-04-01 00:00:00'),
(6, 309, '2026-04-01 00:00:00'),
(6, 310, '2026-04-01 00:00:00'),
(6, 311, '2026-04-01 00:00:00'),
(6, 312, '2026-04-01 00:00:00'),
-- 销售全部按钮
(6, 320, '2026-04-01 00:00:00'),
(6, 321, '2026-04-01 00:00:00'),
(6, 322, '2026-04-01 00:00:00'),
(6, 323, '2026-04-01 00:00:00'),
(6, 324, '2026-04-01 00:00:00'),
(6, 325, '2026-04-01 00:00:00'),
(6, 330, '2026-04-01 00:00:00'),
(6, 331, '2026-04-01 00:00:00'),
(6, 332, '2026-04-01 00:00:00'),
(6, 333, '2026-04-01 00:00:00'),
(6, 334, '2026-04-01 00:00:00'),
(6, 340, '2026-04-01 00:00:00'),
(6, 341, '2026-04-01 00:00:00'),
(6, 342, '2026-04-01 00:00:00'),
(6, 343, '2026-04-01 00:00:00'),
(6, 350, '2026-04-01 00:00:00'),
(6, 351, '2026-04-01 00:00:00'),
(6, 352, '2026-04-01 00:00:00'),
-- 销售全部 API
(6, 400, '2026-04-01 00:00:00'),
(6, 401, '2026-04-01 00:00:00'),
(6, 402, '2026-04-01 00:00:00'),
(6, 403, '2026-04-01 00:00:00'),
(6, 404, '2026-04-01 00:00:00'),
(6, 405, '2026-04-01 00:00:00'),
(6, 410, '2026-04-01 00:00:00'),
(6, 411, '2026-04-01 00:00:00'),
(6, 412, '2026-04-01 00:00:00'),
(6, 413, '2026-04-01 00:00:00'),
(6, 414, '2026-04-01 00:00:00'),
(6, 420, '2026-04-01 00:00:00'),
(6, 421, '2026-04-01 00:00:00'),
(6, 422, '2026-04-01 00:00:00'),
(6, 423, '2026-04-01 00:00:00'),
(6, 424, '2026-04-01 00:00:00'),
(6, 425, '2026-04-01 00:00:00'),
(6, 430, '2026-04-01 00:00:00'),
(6, 431, '2026-04-01 00:00:00'),
(6, 432, '2026-04-01 00:00:00'),
(6, 440, '2026-04-01 00:00:00'),
-- 金融审核（全部菜单）
(6, 4, '2026-04-01 00:00:00'),
(6, 500, '2026-04-01 00:00:00'),
(6, 501, '2026-04-01 00:00:00'),
(6, 502, '2026-04-01 00:00:00'),
(6, 503, '2026-04-01 00:00:00'),
(6, 504, '2026-04-01 00:00:00'),
-- 金融全部按钮
(6, 510, '2026-04-01 00:00:00'),
(6, 511, '2026-04-01 00:00:00'),
(6, 512, '2026-04-01 00:00:00'),
(6, 513, '2026-04-01 00:00:00'),
(6, 520, '2026-04-01 00:00:00'),
(6, 521, '2026-04-01 00:00:00'),
(6, 522, '2026-04-01 00:00:00'),
(6, 523, '2026-04-01 00:00:00'),
(6, 524, '2026-04-01 00:00:00'),
(6, 530, '2026-04-01 00:00:00'),
(6, 531, '2026-04-01 00:00:00'),
(6, 532, '2026-04-01 00:00:00'),
(6, 533, '2026-04-01 00:00:00'),
(6, 534, '2026-04-01 00:00:00'),
(6, 535, '2026-04-01 00:00:00'),
(6, 536, '2026-04-01 00:00:00'),
(6, 540, '2026-04-01 00:00:00'),
(6, 541, '2026-04-01 00:00:00'),
(6, 542, '2026-04-01 00:00:00'),
(6, 550, '2026-04-01 00:00:00'),
(6, 551, '2026-04-01 00:00:00'),
(6, 552, '2026-04-01 00:00:00'),
-- 金融全部 API
(6, 600, '2026-04-01 00:00:00'),
(6, 601, '2026-04-01 00:00:00'),
(6, 602, '2026-04-01 00:00:00'),
(6, 603, '2026-04-01 00:00:00'),
(6, 604, '2026-04-01 00:00:00'),
(6, 610, '2026-04-01 00:00:00'),
(6, 611, '2026-04-01 00:00:00'),
(6, 612, '2026-04-01 00:00:00'),
(6, 613, '2026-04-01 00:00:00'),
(6, 614, '2026-04-01 00:00:00'),
(6, 620, '2026-04-01 00:00:00'),
(6, 621, '2026-04-01 00:00:00'),
(6, 622, '2026-04-01 00:00:00'),
(6, 623, '2026-04-01 00:00:00'),
(6, 624, '2026-04-01 00:00:00'),
(6, 625, '2026-04-01 00:00:00'),
(6, 626, '2026-04-01 00:00:00'),
(6, 627, '2026-04-01 00:00:00'),
(6, 628, '2026-04-01 00:00:00'),
(6, 630, '2026-04-01 00:00:00'),
(6, 631, '2026-04-01 00:00:00'),
(6, 632, '2026-04-01 00:00:00'),
(6, 640, '2026-04-01 00:00:00'),
(6, 641, '2026-04-01 00:00:00'),
(6, 642, '2026-04-01 00:00:00'),
-- 业绩统计
(6, 5, '2026-04-01 00:00:00'),
(6, 700, '2026-04-01 00:00:00'),
(6, 701, '2026-04-01 00:00:00');

-- ----------------------------------------------------------
-- 3.3 ZONE_DIRECTOR（战区总监）— 本战区业务 + 系统管理只读
-- ----------------------------------------------------------
INSERT INTO sys_role_permission (role_id, permission_id, created_at) VALUES
(3, 1, '2026-01-05 00:00:00'),  -- 工作台
-- 系统管理（只读：能看到菜单，但只有查看 API，无按钮）
(3, 2, '2026-01-05 00:00:00'),
(3, 10, '2026-01-05 00:00:00'),
(3, 11, '2026-01-05 00:00:00'),
(3, 12, '2026-01-05 00:00:00'),
(3, 13, '2026-01-05 00:00:00'),
(3, 14, '2026-01-05 00:00:00'),
(3, 15, '2026-01-05 00:00:00'),
(3, 16, '2026-01-05 00:00:00'),
(3, 17, '2026-01-05 00:00:00'),
-- 系统管理只读 API（无增删改按钮）
(3, 201, '2026-01-05 00:00:00'),
(3, 202, '2026-01-05 00:00:00'),
(3, 211, '2026-01-05 00:00:00'),
(3, 212, '2026-01-05 00:00:00'),
(3, 221, '2026-01-05 00:00:00'),
-- 销售管理（全部菜单，但只能看本战区数据，后端按 data_scope=3 过滤）
(3, 3, '2026-01-05 00:00:00'),
(3, 300, '2026-01-05 00:00:00'),
(3, 301, '2026-01-05 00:00:00'),
(3, 302, '2026-01-05 00:00:00'),
(3, 303, '2026-01-05 00:00:00'),
(3, 304, '2026-01-05 00:00:00'),
(3, 305, '2026-01-05 00:00:00'),
(3, 306, '2026-01-05 00:00:00'),
(3, 307, '2026-01-05 00:00:00'),
(3, 308, '2026-01-05 00:00:00'),
(3, 309, '2026-01-05 00:00:00'),
(3, 310, '2026-01-05 00:00:00'),
(3, 311, '2026-01-05 00:00:00'),
(3, 312, '2026-01-05 00:00:00'),
-- 销售按钮（查看）
(3, 320, '2026-01-05 00:00:00'),
(3, 321, '2026-01-05 00:00:00'),  -- 可帮下属新增客户
(3, 322, '2026-01-05 00:00:00'),  -- 可帮下属编辑客户
(3, 323, '2026-01-05 00:00:00'),  -- 可转移客户
(3, 324, '2026-01-05 00:00:00'),
(3, 325, '2026-01-05 00:00:00'),  -- 可领取公海
(3, 330, '2026-01-05 00:00:00'),
(3, 331, '2026-01-05 00:00:00'),
(3, 332, '2026-01-05 00:00:00'),
(3, 333, '2026-01-05 00:00:00'),
(3, 334, '2026-01-05 00:00:00'),
(3, 340, '2026-01-05 00:00:00'),
(3, 341, '2026-01-05 00:00:00'),
(3, 342, '2026-01-05 00:00:00'),
(3, 343, '2026-01-05 00:00:00'),
(3, 350, '2026-01-05 00:00:00'),
(3, 351, '2026-01-05 00:00:00'),
(3, 352, '2026-01-05 00:00:00'),
-- 销售 API
(3, 400, '2026-01-05 00:00:00'),
(3, 401, '2026-01-05 00:00:00'),
(3, 402, '2026-01-05 00:00:00'),
(3, 403, '2026-01-05 00:00:00'),
(3, 404, '2026-01-05 00:00:00'),
(3, 405, '2026-01-05 00:00:00'),
(3, 410, '2026-01-05 00:00:00'),
(3, 411, '2026-01-05 00:00:00'),
(3, 412, '2026-01-05 00:00:00'),
(3, 413, '2026-01-05 00:00:00'),
(3, 414, '2026-01-05 00:00:00'),
(3, 420, '2026-01-05 00:00:00'),
(3, 421, '2026-01-05 00:00:00'),
(3, 422, '2026-01-05 00:00:00'),
(3, 423, '2026-01-05 00:00:00'),
(3, 424, '2026-01-05 00:00:00'),
(3, 425, '2026-01-05 00:00:00'),
(3, 430, '2026-01-05 00:00:00'),
(3, 431, '2026-01-05 00:00:00'),
(3, 432, '2026-01-01 00:00:00'),
(3, 440, '2026-01-05 00:00:00'),
-- 金融审核（查看 + 部分审核）
(3, 4, '2026-01-05 00:00:00'),
(3, 500, '2026-01-05 00:00:00'),
(3, 501, '2026-01-05 00:00:00'),
(3, 502, '2026-01-05 00:00:00'),
(3, 503, '2026-01-05 00:00:00'),
(3, 504, '2026-01-05 00:00:00'),
(3, 510, '2026-01-05 00:00:00'),
(3, 520, '2026-01-05 00:00:00'),
(3, 530, '2026-01-05 00:00:00'),
(3, 540, '2026-01-05 00:00:00'),
(3, 600, '2026-01-05 00:00:00'),
(3, 601, '2026-01-05 00:00:00'),
(3, 610, '2026-01-05 00:00:00'),
(3, 611, '2026-01-05 00:00:00'),
(3, 620, '2026-01-05 00:00:00'),
(3, 621, '2026-01-05 00:00:00'),
(3, 628, '2026-01-05 00:00:00'),
(3, 630, '2026-01-05 00:00:00'),
(3, 640, '2026-01-05 00:00:00'),
(3, 641, '2026-01-05 00:00:00'),
-- 业绩统计
(3, 5, '2026-01-05 00:00:00'),
(3, 700, '2026-01-05 00:00:00'),
(3, 701, '2026-01-05 00:00:00');

-- ----------------------------------------------------------
-- 3.4 DEPT_MANAGER（部门经理）— 本部门业务 + 系统管理只读
-- ----------------------------------------------------------
INSERT INTO sys_role_permission (role_id, permission_id, created_at) VALUES
(2, 1, '2026-01-05 00:00:00'),  -- 工作台
-- 系统管理（只读）
(2, 2, '2026-01-05 00:00:00'),
(2, 10, '2026-01-05 00:00:00'),
(2, 11, '2026-01-05 00:00:00'),
(2, 12, '2026-01-05 00:00:00'),
(2, 13, '2026-01-05 00:00:00'),
(2, 14, '2026-01-05 00:00:00'),
(2, 15, '2026-01-05 00:00:00'),
(2, 16, '2026-01-05 00:00:00'),
(2, 17, '2026-01-05 00:00:00'),
-- 系统管理只读 API
(2, 201, '2026-01-05 00:00:00'),
(2, 202, '2026-01-05 00:00:00'),
(2, 211, '2026-01-05 00:00:00'),
(2, 212, '2026-01-05 00:00:00'),
(2, 221, '2026-01-05 00:00:00'),
-- 销售管理（全部菜单，后端按 data_scope=2 过滤）
(2, 3, '2026-01-05 00:00:00'),
(2, 300, '2026-01-05 00:00:00'),
(2, 301, '2026-01-05 00:00:00'),
(2, 302, '2026-01-05 00:00:00'),
(2, 303, '2026-01-05 00:00:00'),
(2, 304, '2026-01-05 00:00:00'),
(2, 305, '2026-01-05 00:00:00'),
(2, 306, '2026-01-05 00:00:00'),
(2, 307, '2026-01-05 00:00:00'),
(2, 308, '2026-01-05 00:00:00'),
(2, 309, '2026-01-05 00:00:00'),
(2, 310, '2026-01-05 00:00:00'),
(2, 311, '2026-01-05 00:00:00'),
(2, 312, '2026-01-05 00:00:00'),
-- 销售全部按钮（部门内）
(2, 320, '2026-01-05 00:00:00'),
(2, 321, '2026-01-05 00:00:00'),
(2, 322, '2026-01-05 00:00:00'),
(2, 323, '2026-01-05 00:00:00'),  -- 转移客户（部门内）
(2, 324, '2026-01-05 00:00:00'),
(2, 325, '2026-01-05 00:00:00'),
(2, 330, '2026-01-05 00:00:00'),
(2, 331, '2026-01-05 00:00:00'),
(2, 332, '2026-01-05 00:00:00'),
(2, 333, '2026-01-05 00:00:00'),
(2, 334, '2026-01-05 00:00:00'),
(2, 340, '2026-01-05 00:00:00'),
(2, 341, '2026-01-05 00:00:00'),
(2, 342, '2026-01-05 00:00:00'),
(2, 343, '2026-01-05 00:00:00'),
(2, 350, '2026-01-05 00:00:00'),
(2, 351, '2026-01-05 00:00:00'),
(2, 352, '2026-01-05 00:00:00'),
-- 销售全部 API
(2, 400, '2026-01-05 00:00:00'),
(2, 401, '2026-01-05 00:00:00'),
(2, 402, '2026-01-05 00:00:00'),
(2, 403, '2026-01-05 00:00:00'),
(2, 404, '2026-01-05 00:00:00'),
(2, 405, '2026-01-05 00:00:00'),
(2, 410, '2026-01-05 00:00:00'),
(2, 411, '2026-01-05 00:00:00'),
(2, 412, '2026-01-05 00:00:00'),
(2, 413, '2026-01-05 00:00:00'),
(2, 414, '2026-01-05 00:00:00'),
(2, 420, '2026-01-05 00:00:00'),
(2, 421, '2026-01-05 00:00:00'),
(2, 422, '2026-01-05 00:00:00'),
(2, 423, '2026-01-05 00:00:00'),
(2, 424, '2026-01-05 00:00:00'),
(2, 425, '2026-01-05 00:00:00'),
(2, 430, '2026-01-05 00:00:00'),
(2, 431, '2026-01-05 00:00:00'),
(2, 432, '2026-01-01 00:00:00'),
(2, 440, '2026-01-05 00:00:00'),
-- 金融查看（无审核权限）
(2, 4, '2026-01-05 00:00:00'),
(2, 500, '2026-01-05 00:00:00'),
(2, 501, '2026-01-05 00:00:00'),
(2, 502, '2026-01-05 00:00:00'),
(2, 503, '2026-01-05 00:00:00'),
(2, 504, '2026-01-05 00:00:00'),
(2, 510, '2026-01-05 00:00:00'),
(2, 520, '2026-01-05 00:00:00'),
(2, 530, '2026-01-05 00:00:00'),
(2, 540, '2026-01-05 00:00:00'),
(2, 600, '2026-01-05 00:00:00'),
(2, 601, '2026-01-05 00:00:00'),
(2, 610, '2026-01-05 00:00:00'),
(2, 611, '2026-01-05 00:00:00'),
(2, 620, '2026-01-05 00:00:00'),
(2, 621, '2026-01-05 00:00:00'),
(2, 628, '2026-01-05 00:00:00'),
(2, 630, '2026-01-05 00:00:00'),
(2, 640, '2026-01-05 00:00:00'),
(2, 641, '2026-01-05 00:00:00'),
-- 业绩统计
(2, 5, '2026-01-05 00:00:00'),
(2, 700, '2026-01-05 00:00:00'),
(2, 701, '2026-01-05 00:00:00');

-- ----------------------------------------------------------
-- 3.5 SALES_REP（销售代表）— 仅自己数据
-- ----------------------------------------------------------
INSERT INTO sys_role_permission (role_id, permission_id, created_at) VALUES
(4, 1, '2026-01-10 00:00:00'),  -- 工作台
-- 系统管理（只能看用户列表，无按钮）
(4, 2, '2026-01-10 00:00:00'),
(4, 10, '2026-01-10 00:00:00'),
-- 系统管理只读 API（不能增删改用户）
(4, 201, '2026-01-10 00:00:00'),
(4, 202, '2026-01-10 00:00:00'),
-- 销售管理（仅自己客户）
(4, 3, '2026-01-10 00:00:00'),
(4, 300, '2026-01-10 00:00:00'),
(4, 301, '2026-01-10 00:00:00'),  -- 新增自己客户
(4, 302, '2026-01-10 00:00:00'),  -- 编辑自己客户
(4, 303, '2026-01-10 00:00:00'),
(4, 304, '2026-01-10 00:00:00'),  -- 公海（只能领取）
(4, 305, '2026-01-10 00:00:00'),
(4, 306, '2026-01-10 00:00:00'),
(4, 307, '2026-01-10 00:00:00'),  -- 新增合同
(4, 308, '2026-01-10 00:00:00'),  -- 编辑合同
(4, 309, '2026-01-10 00:00:00'),
(4, 310, '2026-01-10 00:00:00'),  -- 签署合同
(4, 311, '2026-01-10 00:00:00'),
(4, 312, '2026-01-10 00:00:00'),  -- 转移记录（只读）
-- 销售按钮
(4, 320, '2026-01-10 00:00:00'),  -- 查看客户
(4, 321, '2026-01-10 00:00:00'),  -- 新增客户
(4, 322, '2026-01-10 00:00:00'),  -- 编辑自己客户
-- 注意：无 BTN_CUSTOMER_TRANSFER（不能转移自己客户）
-- 注意：无 BTN_CUSTOMER_DEL（不允许删除）
(4, 324, '2026-01-10 00:00:00'),  -- 客户批注
(4, 325, '2026-01-10 00:00:00'),  -- 领取公海客户
(4, 330, '2026-01-10 00:00:00'),  -- 查看合同
(4, 331, '2026-01-10 00:00:00'),  -- 新增合同
(4, 332, '2026-01-10 00:00:00'),  -- 编辑合同
(4, 333, '2026-01-10 00:00:00'),  -- 签署合同
-- 注意：无 BTN_CONTRACT_TRANSFER
(4, 340, '2026-01-10 00:00:00'),  -- 查看跟进
(4, 341, '2026-01-10 00:00:00'),  -- 新增跟进
(4, 342, '2026-01-10 00:00:00'),  -- 编辑跟进
(4, 343, '2026-01-10 00:00:00'),  -- 删除跟进
(4, 350, '2026-01-10 00:00:00'),  -- 查看日志
(4, 351, '2026-01-10 00:00:00'),  -- 新增日志
(4, 352, '2026-01-10 00:00:00'),  -- 编辑日志
-- 销售 API（仅自己数据，后端按 data_scope=1 过滤）
(4, 400, '2026-01-10 00:00:00'),
(4, 401, '2026-01-10 00:00:00'),
(4, 402, '2026-01-10 00:00:00'),
(4, 403, '2026-01-10 00:00:00'),
(4, 404, '2026-01-10 00:00:00'),
(4, 405, '2026-01-10 00:00:00'),
(4, 410, '2026-01-10 00:00:00'),
(4, 411, '2026-01-10 00:00:00'),
(4, 412, '2026-01-10 00:00:00'),
(4, 413, '2026-01-10 00:00:00'),
(4, 414, '2026-01-10 00:00:00'),
(4, 420, '2026-01-10 00:00:00'),
(4, 421, '2026-01-10 00:00:00'),
(4, 422, '2026-01-10 00:00:00'),
(4, 423, '2026-01-10 00:00:00'),
(4, 424, '2026-01-10 00:00:00'),
-- 注意：无合同转移 API（自己无权转）
(4, 430, '2026-01-10 00:00:00'),
(4, 431, '2026-01-10 00:00:00'),
(4, 432, '2026-01-10 00:00:00'),
(4, 440, '2026-01-10 00:00:00');  -- 转移记录只读

-- ----------------------------------------------------------
-- 3.6 FINANCE_SPECIALIST（金融专员）— 贷款审核流程 + 提成
-- ----------------------------------------------------------
INSERT INTO sys_role_permission (role_id, permission_id, created_at) VALUES
(5, 1, '2026-01-10 00:00:00'),  -- 工作台
-- 金融审核（全部菜单）
(5, 4, '2026-01-10 00:00:00'),
(5, 500, '2026-01-10 00:00:00'),  -- 银行查看
(5, 501, '2026-01-10 00:00:00'),  -- 产品查看
(5, 502, '2026-01-10 00:00:00'),  -- 贷款审核
(5, 503, '2026-01-10 00:00:00'),  -- 提成记录
(5, 504, '2026-01-10 00:00:00'),  -- 服务费记录
-- 金融按钮（全流程审核）
(5, 510, '2026-01-10 00:00:00'),
(5, 520, '2026-01-10 00:00:00'),
(5, 530, '2026-01-10 00:00:00'),
(5, 531, '2026-01-10 00:00:00'),  -- 接收合同
(5, 532, '2026-01-10 00:00:00'),  -- 初审
(5, 533, '2026-01-10 00:00:00'),  -- 提交银行
(5, 534, '2026-01-10 00:00:00'),  -- 银行结果录入
(5, 535, '2026-01-10 00:00:00'),  -- 终审通过
(5, 536, '2026-01-10 00:00:00'),  -- 终审拒绝
(5, 540, '2026-01-10 00:00:00'),  -- 提成查看
(5, 550, '2026-01-10 00:00:00'),  -- 服务费查看
-- 金融 API
(5, 600, '2026-01-10 00:00:00'),
(5, 601, '2026-01-10 00:00:00'),
(5, 610, '2026-01-10 00:00:00'),
(5, 611, '2026-01-10 00:00:00'),
(5, 620, '2026-01-10 00:00:00'),
(5, 621, '2026-01-10 00:00:00'),
(5, 622, '2026-01-10 00:00:00'),  -- 接收
(5, 623, '2026-01-10 00:00:00'),  -- 初审
(5, 624, '2026-01-10 00:00:00'),  -- 提交银行
(5, 625, '2026-01-10 00:00:00'),  -- 银行结果
(5, 626, '2026-01-10 00:00:00'),  -- 终审通过
(5, 627, '2026-01-10 00:00:00'),  -- 终审拒绝
(5, 628, '2026-01-10 00:00:00'),  -- 审核记录
(5, 630, '2026-01-10 00:00:00'),
(5, 640, '2026-01-10 00:00:00'),
(5, 641, '2026-01-10 00:00:00');

-- ----------------------------------------------------------
-- 3.7 ACCOUNTANT（会计）— 服务费 + 提成
-- ----------------------------------------------------------
INSERT INTO sys_role_permission (role_id, permission_id, created_at) VALUES
(7, 1, '2026-04-01 00:00:00'),  -- 工作台
-- 只能看金融的提成和服务费，不能审贷款
(7, 4, '2026-04-01 00:00:00'),
(7, 503, '2026-04-01 00:00:00'),
(7, 504, '2026-04-01 00:00:00'),
-- 提成查看 + 确认/发放
(7, 540, '2026-04-01 00:00:00'),
(7, 541, '2026-04-01 00:00:00'),
(7, 542, '2026-04-01 00:00:00'),
-- 服务费查看 + 确认
(7, 550, '2026-04-01 00:00:00'),
(7, 551, '2026-04-01 00:00:00'),
(7, 552, '2026-04-01 00:00:00'),
-- API
(7, 630, '2026-04-01 00:00:00'),
(7, 631, '2026-04-01 00:00:00'),
(7, 632, '2026-04-01 00:00:00'),
(7, 640, '2026-04-01 00:00:00'),
(7, 641, '2026-04-01 00:00:00'),
(7, 642, '2026-04-01 00:00:00');

-- ----------------------------------------------------------
-- 3.8 AUDITOR（审计员）— 只读所有数据
-- ----------------------------------------------------------
INSERT INTO sys_role_permission (role_id, permission_id, created_at) VALUES
(8, 1, '2026-01-01 00:00:00'),  -- 工作台
-- 系统管理（只读菜单 + 只读 API，无按钮）
(8, 2, '2026-01-01 00:00:00'),
(8, 10, '2026-01-01 00:00:00'),
(8, 11, '2026-01-01 00:00:00'),
(8, 12, '2026-01-01 00:00:00'),
(8, 13, '2026-01-01 00:00:00'),
(8, 14, '2026-01-01 00:00:00'),
(8, 15, '2026-01-01 00:00:00'),
(8, 16, '2026-01-01 00:00:00'),
(8, 17, '2026-01-01 00:00:00'),
-- 只读 API
(8, 201, '2026-01-01 00:00:00'),
(8, 202, '2026-01-01 00:00:00'),
(8, 211, '2026-01-01 00:00:00'),
(8, 212, '2026-01-01 00:00:00'),
(8, 221, '2026-01-01 00:00:00'),
-- 销售（只读所有菜单）
(8, 3, '2026-01-01 00:00:00'),
(8, 300, '2026-01-01 00:00:00'),
(8, 301, '2026-01-01 00:00:00'),
(8, 302, '2026-01-01 00:00:00'),
(8, 303, '2026-01-01 00:00:00'),
(8, 304, '2026-01-01 00:00:00'),
(8, 305, '2026-01-01 00:00:00'),
(8, 306, '2026-01-01 00:00:00'),
(8, 307, '2026-01-01 00:00:00'),
(8, 308, '2026-01-01 00:00:00'),
(8, 309, '2026-01-01 00:00:00'),
(8, 310, '2026-01-01 00:00:00'),
(8, 311, '2026-01-01 00:00:00'),
(8, 312, '2026-01-01 00:00:00'),
-- 只读销售 API（无增删改）
(8, 400, '2026-01-01 00:00:00'),
(8, 401, '2026-01-01 00:00:00'),
(8, 410, '2026-01-01 00:00:00'),
(8, 411, '2026-01-01 00:00:00'),
(8, 420, '2026-01-01 00:00:00'),
(8, 421, '2026-01-01 00:00:00'),
(8, 430, '2026-01-01 00:00:00'),
(8, 440, '2026-01-01 00:00:00'),
-- 金融（只读）
(8, 4, '2026-01-01 00:00:00'),
(8, 500, '2026-01-01 00:00:00'),
(8, 501, '2026-01-01 00:00:00'),
(8, 502, '2026-01-01 00:00:00'),
(8, 503, '2026-01-01 00:00:00'),
(8, 504, '2026-01-01 00:00:00'),
(8, 510, '2026-01-01 00:00:00'),
(8, 520, '2026-01-01 00:00:00'),
(8, 530, '2026-01-01 00:00:00'),
(8, 540, '2026-01-01 00:00:00'),
(8, 550, '2026-01-01 00:00:00'),
-- 只读金融 API
(8, 600, '2026-01-01 00:00:00'),
(8, 601, '2026-01-01 00:00:00'),
(8, 610, '2026-01-01 00:00:00'),
(8, 611, '2026-01-01 00:00:00'),
(8, 620, '2026-01-01 00:00:00'),
(8, 621, '2026-01-01 00:00:00'),
(8, 628, '2026-01-01 00:00:00'),
(8, 630, '2026-01-01 00:00:00'),
(8, 640, '2026-01-01 00:00:00'),
(8, 641, '2026-01-01 00:00:00'),
-- 业绩统计
(8, 5, '2026-01-01 00:00:00'),
(8, 700, '2026-01-01 00:00:00'),
(8, 701, '2026-01-01 00:00:00');

-- ============================================================
-- 四、sys_user_role — 新增用户角色关联
-- ============================================================

-- 在 datas.sql 已有基础上，新增：
-- admin(id=1) -> SUPER_ADMIN(id=1)  已存在
-- zhangsan(id=2) -> DEPT_MANAGER(id=2)  已存在
-- lisi(id=3) -> SALES_REP(id=4)  已存在
-- wangwu(id=4) -> SALES_REP(id=4)  已存在
-- zhaoliu(id=5) -> SALES_REP(id=4)  已存在
-- disabled_user(id=6) -> SUPER_ADMIN(id=1)  已存在（但账号 disabled）
-- locked_user(id=7) -> SALES_REP(id=4)  已存在（但账号 locked）
-- null_fields_user(id=8) -> SALES_REP(id=4)  已存在
-- long_phone_user(id=9) -> SALES_REP(id=4)  已存在

-- 新增总经理用户 (id=10)
INSERT INTO sys_user_role (id, user_id, role_id, created_at) VALUES
(10, 10, 6, '2026-04-01 00:00:00');  -- 总经理 -> GENERAL_MANAGER

-- 新增会计用户 (id=11)
INSERT INTO sys_user_role (id, user_id, role_id, created_at) VALUES
(11, 11, 7, '2026-04-01 00:00:00');  -- 会计 -> ACCOUNTANT

-- 新增金融专员用户 (id=12)
INSERT INTO sys_user_role (id, user_id, role_id, created_at) VALUES
(12, 12, 5, '2026-04-01 00:00:00');  -- 金融专员 -> FINANCE_SPECIALIST

-- 新增审计员用户 (id=13)
INSERT INTO sys_user_role (id, user_id, role_id, created_at) VALUES
(13, 13, 8, '2026-04-01 00:00:00');  -- 审计员 -> AUDITOR

-- ============================================================
-- 五、权限矩阵速查表（供前端 sidebar.js perm_code 对照）
-- ============================================================
--
--  perm_code              说明          所属模块
--  -----------------------------------------------
--  DASHBOARD              工作台        全局
--  SYSTEM                 系统管理      system
--  SYSTEM_USER            用户管理      system
--  SYSTEM_ROLE            角色管理      system
--  SYSTEM_PERMISSION      权限管理      system
--  SYSTEM_DEPT            部门管理      system
--  SYSTEM_ZONE            战区管理      system
--  SYSTEM_DICT            数据字典      system
--  SYSTEM_PARAM           系统参数      system
--  SYSTEM_LOG             操作日志      system
--  SALES                  销售管理      sales
--  SALES_CUSTOMER_LIST    客户列表      sales
--  SALES_CUSTOMER_ADD     新增客户      sales
--  SALES_CUSTOMER_EDIT    编辑客户      sales
--  SALES_CUSTOMER_VIEW    客户详情      sales
--  SALES_PUBLIC_SEA       公海客户      sales
--  SALES_CONTACT          跟进记录      sales
--  SALES_CONTRACT_LIST    合同列表      sales
--  SALES_CONTRACT_ADD     新增合同      sales
--  SALES_CONTRACT_EDIT    编辑合同      sales
--  SALES_CONTRACT_VIEW    合同详情      sales
--  SALES_CONTRACT_SIGN    合同签署      sales
--  SALES_WORKLOG          工作日志      sales
--  SALES_TRANSFER         客户转移记录  sales
--  FINANCE                金融审核      finance
--  FINANCE_BANK           银行管理      finance
--  FINANCE_PRODUCT        金融产品      finance
--  FINANCE_LOAN_AUDIT     贷款审核      finance
--  FINANCE_COMMISSION     提成记录      finance
--  FINANCE_SERVICE_FEE   服务费记录    finance
--  PERFORMANCE            业绩统计      全局
--  PERF_SUMMARY           业绩汇总      全局
--  PERF_RANKING           业绩排名      全局
-- ============================================================
