-- ========================================
-- NeoCC 数据库快照
-- 导出时间: 2026-04-22 16:27
-- ========================================
-- MySQL dump 10.13  Distrib 8.0.45, for Linux (aarch64)
--
-- Host: localhost    Database: dafuweng_auth
-- ------------------------------------------------------
-- Server version	8.0.45

/*!40101 SET @OLD_CHARACTER_SET_CLIENT=@@CHARACTER_SET_CLIENT */;
/*!40101 SET @OLD_CHARACTER_SET_RESULTS=@@CHARACTER_SET_RESULTS */;
/*!40101 SET @OLD_COLLATION_CONNECTION=@@COLLATION_CONNECTION */;
/*!50503 SET NAMES utf8mb4 */;
/*!40103 SET @OLD_TIME_ZONE=@@TIME_ZONE */;
/*!40103 SET TIME_ZONE='+00:00' */;
/*!40014 SET @OLD_UNIQUE_CHECKS=@@UNIQUE_CHECKS, UNIQUE_CHECKS=0 */;
/*!40014 SET @OLD_FOREIGN_KEY_CHECKS=@@FOREIGN_KEY_CHECKS, FOREIGN_KEY_CHECKS=0 */;
/*!40101 SET @OLD_SQL_MODE=@@SQL_MODE, SQL_MODE='NO_AUTO_VALUE_ON_ZERO' */;
/*!40111 SET @OLD_SQL_NOTES=@@SQL_NOTES, SQL_NOTES=0 */;

--
-- Table structure for table `sys_permission`
--

DROP TABLE IF EXISTS `sys_permission`;
/*!40101 SET @saved_cs_client     = @@character_set_client */;
/*!50503 SET character_set_client = utf8mb4 */;
CREATE TABLE `sys_permission` (
  `id` bigint NOT NULL AUTO_INCREMENT COMMENT '权限ID',
  `parent_id` bigint NOT NULL DEFAULT '0' COMMENT '父权限ID: 0-根',
  `perm_code` varchar(100) COLLATE utf8mb4_unicode_ci NOT NULL COMMENT '权限标识',
  `perm_name` varchar(50) COLLATE utf8mb4_unicode_ci NOT NULL COMMENT '权限名称',
  `perm_type` tinyint NOT NULL COMMENT '权限类型: 1-菜单 2-按钮 3-接口',
  `perm_path` varchar(200) COLLATE utf8mb4_unicode_ci DEFAULT NULL COMMENT '权限路径(菜单路径/接口URL)',
  `icon` varchar(100) COLLATE utf8mb4_unicode_ci DEFAULT NULL COMMENT '图标',
  `sort_order` int NOT NULL DEFAULT '0' COMMENT '显示顺序',
  `status` tinyint NOT NULL DEFAULT '1' COMMENT '状态: 1-启用 0-禁用',
  `external_link` tinyint NOT NULL DEFAULT '0' COMMENT '是否外链: 0-否 1-是',
  `created_at` datetime NOT NULL DEFAULT CURRENT_TIMESTAMP COMMENT '创建时间',
  `updated_at` datetime NOT NULL DEFAULT CURRENT_TIMESTAMP ON UPDATE CURRENT_TIMESTAMP COMMENT '修改时间',
  `deleted` tinyint NOT NULL DEFAULT '0' COMMENT '逻辑删除',
  PRIMARY KEY (`id`),
  UNIQUE KEY `uk_perm_code` (`perm_code`),
  KEY `idx_parent_id` (`parent_id`),
  KEY `idx_deleted` (`deleted`)
) ENGINE=InnoDB AUTO_INCREMENT=1000 DEFAULT CHARSET=utf8mb4 COLLATE=utf8mb4_unicode_ci COMMENT='系统权限表';
/*!40101 SET character_set_client = @saved_cs_client */;

--
-- Dumping data for table `sys_permission`
--

LOCK TABLES `sys_permission` WRITE;
/*!40000 ALTER TABLE `sys_permission` DISABLE KEYS */;
INSERT INTO `sys_permission` VALUES (1,0,'SYSTEM','系统管理',1,'/system','setting',1,1,0,'2026-01-01 00:00:00','2026-04-22 16:04:31',0),(2,1,'SYSTEM_USER','用户管理',1,'/system/user','user',1,1,0,'2026-01-01 00:00:00','2026-04-22 16:05:02',0),(3,1,'SYSTEM_ROLE','角色管理',1,'/system/role','team',2,1,0,'2026-01-01 00:00:00','2026-04-22 16:05:02',0),(4,1,'SYSTEM_PERMISSION','权限管理',1,'/system/permission','lock',3,1,0,'2026-01-01 00:00:00','2026-04-22 16:05:02',0),(5,1,'SYSTEM_DEPT','部门管理',1,'/system/department','apartment',4,1,0,'2026-01-01 00:00:00','2026-04-22 16:05:02',0),(6,1,'SYSTEM_ZONE','战区管理',1,'/system/zone','global',5,1,0,'2026-01-01 00:00:00','2026-04-22 16:05:02',0),(15,2,'SYSTEM_DICT','字典管理',1,'/system/dict','book',6,1,0,'2026-01-01 00:00:00','2026-04-22 15:54:12',0),(16,2,'SYSTEM_PARAM','参数管理',1,'/system/param','config',7,1,0,'2026-01-01 00:00:00','2026-04-22 15:54:12',0),(17,2,'SYSTEM_LOG','日志管理',1,'/system/log','log',8,1,0,'2026-01-01 00:00:00','2026-04-22 15:54:12',0),(100,0,'SALES','销售管理',1,'/sales','shopping',10,1,0,'2026-04-22 15:17:16','2026-04-22 15:54:24',0),(101,2,'BTN_USER_ADD','新增用户',2,NULL,NULL,1,0,0,'2026-01-01 00:00:00','2026-04-22 15:54:12',1),(102,2,'BTN_USER_EDIT','编辑用户',2,NULL,NULL,2,0,0,'2026-01-01 00:00:00','2026-04-22 15:54:12',1),(103,2,'BTN_USER_DEL','删除用户',2,NULL,NULL,3,0,0,'2026-01-01 00:00:00','2026-04-22 15:54:12',1),(104,2,'BTN_USER_ALLOC_ROLE','分配角色',2,NULL,NULL,4,0,0,'2026-01-01 00:00:00','2026-04-22 15:54:12',1),(105,2,'BTN_USER_UNLOCK','解锁用户',2,NULL,NULL,5,0,0,'2026-01-01 00:00:00','2026-04-22 15:54:12',1),(106,10,'BTN_USER_ENABLE','启用/禁用用户',2,NULL,NULL,6,1,0,'2026-01-01 00:00:00','2026-01-01 00:00:00',0),(111,11,'BTN_ROLE_ADD','新增角色',2,NULL,NULL,1,1,0,'2026-01-01 00:00:00','2026-01-01 00:00:00',0),(112,11,'BTN_ROLE_EDIT','编辑角色',2,NULL,NULL,2,1,0,'2026-01-01 00:00:00','2026-01-01 00:00:00',0),(113,11,'BTN_ROLE_DEL','删除角色',2,NULL,NULL,3,1,0,'2026-01-01 00:00:00','2026-01-01 00:00:00',0),(114,11,'BTN_ROLE_ALLOC_PERM','分配权限',2,NULL,NULL,4,1,0,'2026-01-01 00:00:00','2026-01-01 00:00:00',0),(200,0,'FINANCE','财务管理',1,'/finance','money',20,1,0,'2026-04-22 15:17:16','2026-04-22 15:54:24',0),(201,2,'API_USER_PAGE','用户分页查询',3,'/api/sysUser/page',NULL,1,0,0,'2026-01-01 00:00:00','2026-04-22 15:54:12',1),(202,2,'API_USER_GET','获取单个用户',3,'/api/sysUser/{id}',NULL,2,0,0,'2026-01-01 00:00:00','2026-04-22 15:54:12',1),(203,2,'API_USER_POST','创建用户',3,'/api/sysUser',NULL,3,0,0,'2026-01-01 00:00:00','2026-04-22 15:54:12',1),(204,2,'API_USER_PUT','更新用户',3,'/api/sysUser',NULL,4,0,0,'2026-01-01 00:00:00','2026-04-22 15:54:12',1),(205,2,'API_USER_DEL','删除用户',3,'/api/sysUser/{id}',NULL,5,0,0,'2026-01-01 00:00:00','2026-04-22 15:54:12',1),(206,10,'API_USER_ENABLE','启用/禁用用户',3,'/api/sysUser/{id}/status',NULL,6,1,0,'2026-01-01 00:00:00','2026-01-01 00:00:00',0),(211,11,'API_ROLE_PAGE','角色分页查询',3,'/api/sysRole/page',NULL,1,1,0,'2026-01-01 00:00:00','2026-01-01 00:00:00',0),(212,11,'API_ROLE_GET','获取单个角色',3,'/api/sysRole/{id}',NULL,2,1,0,'2026-01-01 00:00:00','2026-01-01 00:00:00',0),(213,11,'API_ROLE_POST','创建角色',3,'/api/sysRole',NULL,3,1,0,'2026-01-01 00:00:00','2026-01-01 00:00:00',0),(214,11,'API_ROLE_PUT','更新角色',3,'/api/sysRole',NULL,4,1,0,'2026-01-01 00:00:00','2026-01-01 00:00:00',0),(215,11,'API_ROLE_DEL','删除角色',3,'/api/sysRole/{id}',NULL,5,1,0,'2026-01-01 00:00:00','2026-01-01 00:00:00',0),(221,12,'API_PERM_TREELIST','权限树查询',3,'/api/sysPermission/treeList',NULL,1,1,0,'2026-01-01 00:00:00','2026-01-01 00:00:00',0),(222,12,'API_PERM_ASSIGN','分配权限',3,'/api/sysRole/{id}/permissions',NULL,2,1,0,'2026-01-01 00:00:00','2026-01-01 00:00:00',0),(300,100,'SALES_CUSTOMER_LIST','客户列表',1,'/sales/customer','people',1,1,0,'2026-01-01 00:00:00','2026-04-22 15:54:12',0),(304,100,'SALES_PUBLIC_SEA','公海客户',1,'/sales/customer/public-sea','cloud',2,1,0,'2026-01-01 00:00:00','2026-04-22 15:17:46',0),(305,100,'SALES_CONTACT','联系记录',1,'/sales/contact','message',3,1,0,'2026-01-01 00:00:00','2026-04-22 15:54:12',0),(306,100,'SALES_CONTRACT_LIST','合同列表',1,'/sales/contract','file-text',4,1,0,'2026-01-01 00:00:00','2026-04-22 15:17:46',0),(307,100,'SALES_CONTRACT_ADD','新增合同',1,'/sales/contract/add',NULL,5,1,0,'2026-01-01 00:00:00','2026-04-22 15:17:46',0),(308,100,'SALES_CONTRACT_EDIT','编辑合同',1,'/sales/contract/edit/:id',NULL,6,1,0,'2026-01-01 00:00:00','2026-04-22 15:17:46',0),(309,100,'SALES_CONTRACT_VIEW','查看合同',1,'/sales/contract/:id',NULL,7,1,0,'2026-01-01 00:00:00','2026-04-22 15:54:12',0),(310,100,'SALES_CONTRACT_SIGN','合同签约',1,'/sales/contract/:id/sign',NULL,8,1,0,'2026-01-01 00:00:00','2026-04-22 15:54:12',0),(311,100,'SALES_WORKLOG','工作日志',1,'/sales/worklog','edit',9,1,0,'2026-01-01 00:00:00','2026-04-22 15:17:46',0),(312,100,'SALES_TRANSFER','客户转移',1,'/sales/transfer','swap',10,1,0,'2026-01-01 00:00:00','2026-04-22 15:54:12',0),(320,300,'BTN_CUSTOMER_VIEW','查看客户',2,NULL,NULL,1,1,0,'2026-01-01 00:00:00','2026-01-01 00:00:00',0),(321,300,'BTN_CUSTOMER_ADD','新增客户',2,NULL,NULL,2,1,0,'2026-01-01 00:00:00','2026-01-01 00:00:00',0),(322,300,'BTN_CUSTOMER_EDIT','编辑客户',2,NULL,NULL,3,1,0,'2026-01-01 00:00:00','2026-01-01 00:00:00',0),(323,300,'BTN_CUSTOMER_TRANSFER','转移客户',2,NULL,NULL,4,1,0,'2026-01-01 00:00:00','2026-01-01 00:00:00',0),(324,300,'BTN_CUSTOMER_ANNOTATION','添加备注',2,NULL,NULL,5,1,0,'2026-01-01 00:00:00','2026-04-22 15:54:12',0),(325,304,'BTN_PUBLIC_SEA_CLAIM','领取公海客户',2,NULL,NULL,1,1,0,'2026-01-01 00:00:00','2026-01-01 00:00:00',0),(330,306,'BTN_CONTRACT_VIEW','查看合同',2,NULL,NULL,1,1,0,'2026-01-01 00:00:00','2026-01-01 00:00:00',0),(331,306,'BTN_CONTRACT_ADD','新增合同',2,NULL,NULL,2,1,0,'2026-01-01 00:00:00','2026-01-01 00:00:00',0),(332,306,'BTN_CONTRACT_EDIT','编辑合同',2,NULL,NULL,3,1,0,'2026-01-01 00:00:00','2026-01-01 00:00:00',0),(333,306,'BTN_CONTRACT_SIGN','合同签约',2,NULL,NULL,4,1,0,'2026-01-01 00:00:00','2026-04-22 15:54:12',0),(334,306,'BTN_CONTRACT_TRANSFER','转移合同',2,NULL,NULL,5,1,0,'2026-01-01 00:00:00','2026-01-01 00:00:00',0),(340,305,'BTN_CONTACT_VIEW','查看联系记录',2,NULL,NULL,1,1,0,'2026-01-01 00:00:00','2026-04-22 15:54:12',0),(341,305,'BTN_CONTACT_ADD','新增联系',2,NULL,NULL,2,1,0,'2026-01-01 00:00:00','2026-04-22 15:54:12',0),(342,305,'BTN_CONTACT_EDIT','编辑联系',2,NULL,NULL,3,1,0,'2026-01-01 00:00:00','2026-04-22 15:54:12',0),(343,305,'BTN_CONTACT_DEL','删除联系',2,NULL,NULL,4,1,0,'2026-01-01 00:00:00','2026-04-22 15:54:12',0),(350,311,'BTN_WORKLOG_VIEW','查看日志',2,NULL,NULL,1,1,0,'2026-01-01 00:00:00','2026-01-01 00:00:00',0),(351,311,'BTN_WORKLOG_ADD','新增日志',2,NULL,NULL,2,1,0,'2026-01-01 00:00:00','2026-01-01 00:00:00',0),(352,311,'BTN_WORKLOG_EDIT','编辑日志',2,NULL,NULL,3,1,0,'2026-01-01 00:00:00','2026-01-01 00:00:00',0),(400,300,'API_CUSTOMER_PAGE','客户分页查询',3,'/api/customer/page',NULL,1,1,0,'2026-01-01 00:00:00','2026-01-01 00:00:00',0),(401,300,'API_CUSTOMER_GET','获取单个客户',3,'/api/customer/{id}',NULL,2,1,0,'2026-01-01 00:00:00','2026-04-22 15:54:12',0),(402,300,'API_CUSTOMER_POST','创建客户',3,'/api/customer',NULL,3,1,0,'2026-01-01 00:00:00','2026-01-01 00:00:00',0),(403,300,'API_CUSTOMER_PUT','更新客户',3,'/api/customer/{id}',NULL,4,1,0,'2026-01-01 00:00:00','2026-01-01 00:00:00',0),(404,300,'API_CUSTOMER_TRANSFER','客户转移',3,'/api/customer/{id}/transfer',NULL,5,1,0,'2026-01-01 00:00:00','2026-04-22 15:54:12',0),(405,300,'API_CUSTOMER_CLAIM','领取公海客户',3,'/api/customer/{id}/claim',NULL,6,1,0,'2026-01-01 00:00:00','2026-01-01 00:00:00',0),(410,305,'API_CONTACT_PAGE','联系分页查询',3,'/api/contactRecord/page',NULL,1,1,0,'2026-01-01 00:00:00','2026-04-22 15:54:12',0),(411,305,'API_CONTACT_GET','获取单个联系',3,'/api/contactRecord/{id}',NULL,2,1,0,'2026-01-01 00:00:00','2026-04-22 15:54:12',0),(412,305,'API_CONTACT_POST','创建联系记录',3,'/api/contactRecord',NULL,3,1,0,'2026-01-01 00:00:00','2026-04-22 15:54:12',0),(413,305,'API_CONTACT_PUT','更新联系记录',3,'/api/contactRecord/{id}',NULL,4,1,0,'2026-01-01 00:00:00','2026-04-22 15:54:12',0),(414,305,'API_CONTACT_DEL','删除联系记录',3,'/api/contactRecord/{id}',NULL,5,1,0,'2026-01-01 00:00:00','2026-04-22 15:54:12',0),(420,306,'API_CONTRACT_PAGE','合同分页查询',3,'/api/contract/page',NULL,1,1,0,'2026-01-01 00:00:00','2026-01-01 00:00:00',0),(421,306,'API_CONTRACT_GET','获取单个合同',3,'/api/contract/{id}',NULL,2,1,0,'2026-01-01 00:00:00','2026-04-22 15:54:12',0),(422,306,'API_CONTRACT_POST','创建合同',3,'/api/contract',NULL,3,1,0,'2026-01-01 00:00:00','2026-01-01 00:00:00',0),(423,306,'API_CONTRACT_PUT','更新合同',3,'/api/contract/{id}',NULL,4,1,0,'2026-01-01 00:00:00','2026-01-01 00:00:00',0),(424,306,'API_CONTRACT_SIGN','合同签约',3,'/api/contract/{id}/sign',NULL,5,1,0,'2026-01-01 00:00:00','2026-04-22 15:54:12',0),(425,306,'API_CONTRACT_TRANSFER','合同转移',3,'/api/contract/{id}/transfer',NULL,6,1,0,'2026-01-01 00:00:00','2026-04-22 15:54:12',0),(430,311,'API_WORKLOG_PAGE','日志分页查询',3,'/api/workLog/page',NULL,1,1,0,'2026-01-01 00:00:00','2026-01-01 00:00:00',0),(431,311,'API_WORKLOG_POST','创建工作日志',3,'/api/workLog',NULL,2,1,0,'2026-01-01 00:00:00','2026-01-01 00:00:00',0),(432,311,'API_WORKLOG_PUT','更新工作日志',3,'/api/workLog/{id}',NULL,3,1,0,'2026-01-01 00:00:00','2026-01-01 00:00:00',0),(440,312,'API_TRANSFER_PAGE','转移分页查询',3,'/api/customerTransferLog/page',NULL,1,1,0,'2026-01-01 00:00:00','2026-04-22 15:54:12',0),(500,200,'FINANCE_BANK','银行管理',1,'/finance/bank','bank',1,1,0,'2026-01-01 00:00:00','2026-04-22 15:17:46',0),(501,200,'FINANCE_PRODUCT','产品管理',1,'/finance/product','product',2,1,0,'2026-01-01 00:00:00','2026-04-22 15:54:12',0),(502,200,'FINANCE_LOAN_AUDIT','贷款审核',1,'/finance/loan-audit','audit',3,1,0,'2026-01-01 00:00:00','2026-04-22 15:17:46',0),(503,200,'FINANCE_COMMISSION','佣金管理',1,'/finance/commission','gift',4,1,0,'2026-01-01 00:00:00','2026-04-22 15:54:12',0),(504,200,'FINANCE_SERVICE_FEE','服务费管理',1,'/finance/service-fee','money',5,1,0,'2026-01-01 00:00:00','2026-04-22 15:54:12',0),(510,500,'BTN_BANK_VIEW','查看银行',2,NULL,NULL,1,1,0,'2026-01-01 00:00:00','2026-01-01 00:00:00',0),(511,500,'BTN_BANK_ADD','新增银行',2,NULL,NULL,2,1,0,'2026-01-01 00:00:00','2026-01-01 00:00:00',0),(512,500,'BTN_BANK_EDIT','编辑银行',2,NULL,NULL,3,1,0,'2026-01-01 00:00:00','2026-01-01 00:00:00',0),(513,500,'BTN_BANK_DEL','删除银行',2,NULL,NULL,4,1,0,'2026-01-01 00:00:00','2026-01-01 00:00:00',0),(520,501,'BTN_PRODUCT_VIEW','查看产品',2,NULL,NULL,1,1,0,'2026-01-01 00:00:00','2026-01-01 00:00:00',0),(521,501,'BTN_PRODUCT_ADD','新增产品',2,NULL,NULL,2,1,0,'2026-01-01 00:00:00','2026-01-01 00:00:00',0),(522,501,'BTN_PRODUCT_EDIT','编辑产品',2,NULL,NULL,3,1,0,'2026-01-01 00:00:00','2026-01-01 00:00:00',0),(523,501,'BTN_PRODUCT_DEL','删除产品',2,NULL,NULL,4,1,0,'2026-01-01 00:00:00','2026-01-01 00:00:00',0),(524,501,'BTN_PRODUCT_ONOFF','启用/禁用产品',2,NULL,NULL,5,1,0,'2026-01-01 00:00:00','2026-04-22 15:54:12',0),(530,502,'BTN_LOAN_VIEW','查看贷款',2,NULL,NULL,1,1,0,'2026-01-01 00:00:00','2026-04-22 15:54:12',0),(531,502,'BTN_LOAN_RECEIVE','接收合同',2,NULL,NULL,2,1,0,'2026-01-01 00:00:00','2026-01-01 00:00:00',0),(532,502,'BTN_LOAN_REVIEW','初审',2,NULL,NULL,3,1,0,'2026-01-01 00:00:00','2026-01-01 00:00:00',0),(533,502,'BTN_LOAN_SUBMIT_BANK','提交银行',2,NULL,NULL,4,1,0,'2026-01-01 00:00:00','2026-01-01 00:00:00',0),(534,502,'BTN_LOAN_BANK_RESULT','银行结果录入',2,NULL,NULL,5,1,0,'2026-01-01 00:00:00','2026-01-01 00:00:00',0),(535,502,'BTN_LOAN_APPROVE','终审通过',2,NULL,NULL,6,1,0,'2026-01-01 00:00:00','2026-01-01 00:00:00',0),(536,502,'BTN_LOAN_REJECT','终审拒绝',2,NULL,NULL,7,1,0,'2026-01-01 00:00:00','2026-01-01 00:00:00',0),(540,503,'BTN_COMMISSION_VIEW','查看提成',2,NULL,NULL,1,1,0,'2026-01-01 00:00:00','2026-01-01 00:00:00',0),(541,503,'BTN_COMMISSION_CONFIRM','确认提成',2,NULL,NULL,2,1,0,'2026-01-01 00:00:00','2026-01-01 00:00:00',0),(542,503,'BTN_COMMISSION_GRANT','发放提成',2,NULL,NULL,3,1,0,'2026-01-01 00:00:00','2026-01-01 00:00:00',0),(550,504,'BTN_FEE_VIEW','查看服务费',2,NULL,NULL,1,1,0,'2026-01-01 00:00:00','2026-01-01 00:00:00',0),(551,504,'BTN_FEE_CONFIRM','确认收款',2,NULL,NULL,2,1,0,'2026-01-01 00:00:00','2026-01-01 00:00:00',0),(552,504,'BTN_FEE_EDIT','编辑服务费',2,NULL,NULL,3,1,0,'2026-01-01 00:00:00','2026-01-01 00:00:00',0),(600,0,'PERFORMANCE','业绩管理',1,'/performance','chart',30,1,0,'2026-04-22 15:17:25','2026-04-22 15:54:24',0),(601,500,'API_BANK_GET','获取银行详情',3,'/api/bank/{id}',NULL,2,1,0,'2026-01-01 00:00:00','2026-01-01 00:00:00',0),(602,500,'API_BANK_POST','创建银行',3,'/api/bank',NULL,3,1,0,'2026-01-01 00:00:00','2026-01-01 00:00:00',0),(603,500,'API_BANK_PUT','更新银行',3,'/api/bank/{id}',NULL,4,1,0,'2026-01-01 00:00:00','2026-01-01 00:00:00',0),(604,500,'API_BANK_DEL','删除银行',3,'/api/bank/{id}',NULL,5,1,0,'2026-01-01 00:00:00','2026-01-01 00:00:00',0),(610,501,'API_PRODUCT_PAGE','产品分页查询',3,'/api/financeProduct/page',NULL,1,1,0,'2026-01-01 00:00:00','2026-01-01 00:00:00',0),(611,501,'API_PRODUCT_GET','获取单个产品',3,'/api/financeProduct/{id}',NULL,2,1,0,'2026-01-01 00:00:00','2026-04-22 15:54:12',0),(612,501,'API_PRODUCT_POST','创建产品',3,'/api/financeProduct',NULL,3,1,0,'2026-01-01 00:00:00','2026-01-01 00:00:00',0),(613,501,'API_PRODUCT_PUT','更新产品',3,'/api/financeProduct/{id}',NULL,4,1,0,'2026-01-01 00:00:00','2026-01-01 00:00:00',0),(614,501,'API_PRODUCT_DEL','删除产品',3,'/api/financeProduct/{id}',NULL,5,1,0,'2026-01-01 00:00:00','2026-01-01 00:00:00',0),(620,502,'API_LOAN_PAGE','贷款分页查询',3,'/api/loanAudit/page',NULL,1,1,0,'2026-01-01 00:00:00','2026-04-22 15:54:12',0),(621,502,'API_LOAN_GET','获取单个贷款',3,'/api/loanAudit/{id}',NULL,2,1,0,'2026-01-01 00:00:00','2026-04-22 15:54:12',0),(622,502,'API_LOAN_RECEIVE','接收合同',3,'/api/loanAudit/{id}/receive',NULL,3,1,0,'2026-01-01 00:00:00','2026-01-01 00:00:00',0),(623,502,'API_LOAN_REVIEW','初审/终审',3,'/api/loanAudit/{id}/review',NULL,4,1,0,'2026-01-01 00:00:00','2026-04-22 15:54:12',0),(624,502,'API_LOAN_SUBMIT_BANK','提交银行',3,'/api/loanAudit/{id}/submit-bank',NULL,5,1,0,'2026-01-01 00:00:00','2026-01-01 00:00:00',0),(625,502,'API_LOAN_BANK_RESULT','银行结果录入',3,'/api/loanAudit/{id}/bank-result',NULL,6,1,0,'2026-01-01 00:00:00','2026-01-01 00:00:00',0),(626,502,'API_LOAN_APPROVE','终审通过',3,'/api/loanAudit/{id}/approve',NULL,7,1,0,'2026-01-01 00:00:00','2026-01-01 00:00:00',0),(627,502,'API_LOAN_REJECT','终审拒绝',3,'/api/loanAudit/{id}/reject',NULL,8,1,0,'2026-01-01 00:00:00','2026-01-01 00:00:00',0),(628,502,'API_LOAN_RECORD','审核记录查询',3,'/api/loanAuditRecord/listByAuditId',NULL,9,1,0,'2026-01-01 00:00:00','2026-01-01 00:00:00',0),(630,503,'API_COMMISSION_PAGE','提成记录分页',3,'/api/commissionRecord/page',NULL,1,1,0,'2026-01-01 00:00:00','2026-01-01 00:00:00',0),(631,503,'API_COMMISSION_CONFIRM','确认提成',3,'/api/commissionRecord/{id}/confirm',NULL,2,1,0,'2026-01-01 00:00:00','2026-01-01 00:00:00',0),(632,503,'API_COMMISSION_GRANT','发放提成',3,'/api/commissionRecord/{id}/grant',NULL,3,1,0,'2026-01-01 00:00:00','2026-01-01 00:00:00',0),(640,504,'API_FEE_PAGE','服务费分页',3,'/api/serviceFeeRecord/page',NULL,1,1,0,'2026-01-01 00:00:00','2026-01-01 00:00:00',0),(641,504,'API_FEE_GET','获取服务费详情',3,'/api/serviceFeeRecord/{id}',NULL,2,1,0,'2026-01-01 00:00:00','2026-01-01 00:00:00',0),(642,504,'API_FEE_PUT','更新服务费',3,'/api/serviceFeeRecord/{id}',NULL,3,1,0,'2026-01-01 00:00:00','2026-01-01 00:00:00',0),(700,600,'PERF_SUMMARY','业绩汇总',1,'/performance/summary',NULL,1,1,0,'2026-01-01 00:00:00','2026-04-22 15:17:46',0),(701,600,'PERF_RANKING','业绩排名',1,'/performance/ranking',NULL,2,1,0,'2026-01-01 00:00:00','2026-04-22 15:17:46',0),(998,1,'SYSTEM_EXTERNAL_LINK','外部链接',1,'https://www.baidu.com','link',98,1,1,'2026-01-01 00:00:00','2026-04-22 16:05:02',0),(999,1,'SYSTEM_DISABLED_MENU','已禁用菜单',1,'/system/disabled','stop',99,1,0,'2026-01-01 00:00:00','2026-04-22 16:05:02',0);
/*!40000 ALTER TABLE `sys_permission` ENABLE KEYS */;
UNLOCK TABLES;

--
-- Table structure for table `sys_role`
--

DROP TABLE IF EXISTS `sys_role`;
/*!40101 SET @saved_cs_client     = @@character_set_client */;
/*!50503 SET character_set_client = utf8mb4 */;
CREATE TABLE `sys_role` (
  `id` bigint NOT NULL AUTO_INCREMENT COMMENT '角色ID',
  `role_code` varchar(50) COLLATE utf8mb4_unicode_ci NOT NULL COMMENT '角色编码(唯一)',
  `role_name` varchar(50) COLLATE utf8mb4_unicode_ci NOT NULL COMMENT '角色名称',
  `data_scope` tinyint NOT NULL DEFAULT '1' COMMENT '数据权限范围: 1-本人 2-本部门 3-本战区 4-全部',
  `role_sort` int NOT NULL DEFAULT '0' COMMENT '显示顺序',
  `status` tinyint NOT NULL DEFAULT '1' COMMENT '状态: 1-启用 0-禁用',
  `created_by` bigint DEFAULT NULL COMMENT '创建人',
  `created_at` datetime NOT NULL DEFAULT CURRENT_TIMESTAMP COMMENT '创建时间',
  `updated_by` bigint DEFAULT NULL COMMENT '修改人',
  `updated_at` datetime NOT NULL DEFAULT CURRENT_TIMESTAMP ON UPDATE CURRENT_TIMESTAMP COMMENT '修改时间',
  `deleted` tinyint NOT NULL DEFAULT '0' COMMENT '逻辑删除',
  PRIMARY KEY (`id`),
  UNIQUE KEY `uk_role_code` (`role_code`),
  KEY `idx_deleted` (`deleted`)
) ENGINE=InnoDB AUTO_INCREMENT=8 DEFAULT CHARSET=utf8mb4 COLLATE=utf8mb4_unicode_ci COMMENT='系统角色表';
/*!40101 SET character_set_client = @saved_cs_client */;

--
-- Dumping data for table `sys_role`
--

LOCK TABLES `sys_role` WRITE;
/*!40000 ALTER TABLE `sys_role` DISABLE KEYS */;
INSERT INTO `sys_role` VALUES (1,'SUPER_ADMIN','超级管理员',4,1,1,NULL,'2026-01-01 00:00:00',NULL,'2026-04-22 12:33:55',0),(2,'DEPT_MANAGER','部门经理',2,2,1,1,'2026-01-05 00:00:00',NULL,'2026-04-22 12:33:55',0),(3,'ZONE_DIRECTOR','战区总监',3,3,1,1,'2026-01-05 00:00:00',NULL,'2026-04-22 12:33:55',0),(4,'SALES_REP','销售代表',1,4,1,1,'2026-01-10 00:00:00',NULL,'2026-04-22 12:33:55',0),(5,'FINANCE_SPECIALIST','金融专员',1,5,1,1,'2026-01-10 00:00:00',NULL,'2026-04-22 12:33:55',0),(6,'AUDITOR','审计员',4,8,1,1,'2026-01-15 00:00:00',NULL,'2026-04-22 12:33:55',0),(7,'DISABLED_ROLE','已禁用角色',1,99,0,1,'2026-02-01 00:00:00',NULL,'2026-04-22 12:33:55',0);
/*!40000 ALTER TABLE `sys_role` ENABLE KEYS */;
UNLOCK TABLES;

--
-- Table structure for table `sys_role_permission`
--

DROP TABLE IF EXISTS `sys_role_permission`;
/*!40101 SET @saved_cs_client     = @@character_set_client */;
/*!50503 SET character_set_client = utf8mb4 */;
CREATE TABLE `sys_role_permission` (
  `id` bigint NOT NULL AUTO_INCREMENT COMMENT '主键',
  `role_id` bigint NOT NULL COMMENT '角色ID',
  `permission_id` bigint NOT NULL COMMENT '权限ID',
  `created_at` datetime NOT NULL DEFAULT CURRENT_TIMESTAMP COMMENT '创建时间',
  PRIMARY KEY (`id`),
  UNIQUE KEY `uk_role_perm` (`role_id`,`permission_id`),
  KEY `idx_role_id` (`role_id`),
  KEY `idx_permission_id` (`permission_id`)
) ENGINE=InnoDB AUTO_INCREMENT=622 DEFAULT CHARSET=utf8mb4 COLLATE=utf8mb4_unicode_ci COMMENT='角色权限关联表';
/*!40101 SET character_set_client = @saved_cs_client */;

--
-- Dumping data for table `sys_role_permission`
--

LOCK TABLES `sys_role_permission` WRITE;
/*!40000 ALTER TABLE `sys_role_permission` DISABLE KEYS */;
INSERT INTO `sys_role_permission` VALUES (6,1,6,'2026-01-01 00:00:00'),(8,2,101,'2026-01-05 00:00:00'),(9,2,102,'2026-01-05 00:00:00'),(10,3,6,'2026-01-05 00:00:00'),(14,1,1,'2026-01-01 00:00:00'),(15,1,2,'2026-01-01 00:00:00'),(16,1,10,'2026-01-01 00:00:00'),(17,1,11,'2026-01-01 00:00:00'),(18,1,12,'2026-01-01 00:00:00'),(19,1,13,'2026-01-01 00:00:00'),(20,1,14,'2026-01-01 00:00:00'),(21,1,15,'2026-01-01 00:00:00'),(22,1,16,'2026-01-01 00:00:00'),(23,1,17,'2026-01-01 00:00:00'),(24,1,101,'2026-01-01 00:00:00'),(25,1,102,'2026-01-01 00:00:00'),(26,1,103,'2026-01-01 00:00:00'),(27,1,104,'2026-01-01 00:00:00'),(28,1,105,'2026-01-01 00:00:00'),(29,1,106,'2026-01-01 00:00:00'),(30,1,111,'2026-01-01 00:00:00'),(31,1,112,'2026-01-01 00:00:00'),(32,1,113,'2026-01-01 00:00:00'),(33,1,114,'2026-01-01 00:00:00'),(34,1,201,'2026-01-01 00:00:00'),(35,1,202,'2026-01-01 00:00:00'),(36,1,203,'2026-01-01 00:00:00'),(37,1,204,'2026-01-01 00:00:00'),(38,1,205,'2026-01-01 00:00:00'),(39,1,206,'2026-01-01 00:00:00'),(40,1,211,'2026-01-01 00:00:00'),(41,1,212,'2026-01-01 00:00:00'),(42,1,213,'2026-01-01 00:00:00'),(43,1,214,'2026-01-01 00:00:00'),(44,1,215,'2026-01-01 00:00:00'),(45,1,221,'2026-01-01 00:00:00'),(46,1,222,'2026-01-01 00:00:00'),(47,1,3,'2026-01-01 00:00:00'),(48,1,300,'2026-01-01 00:00:00'),(49,1,301,'2026-01-01 00:00:00'),(50,1,302,'2026-01-01 00:00:00'),(51,1,303,'2026-01-01 00:00:00'),(52,1,304,'2026-01-01 00:00:00'),(53,1,305,'2026-01-01 00:00:00'),(54,1,306,'2026-01-01 00:00:00'),(55,1,307,'2026-01-01 00:00:00'),(56,1,308,'2026-01-01 00:00:00'),(57,1,309,'2026-01-01 00:00:00'),(58,1,310,'2026-01-01 00:00:00'),(59,1,311,'2026-01-01 00:00:00'),(60,1,312,'2026-01-01 00:00:00'),(61,1,320,'2026-01-01 00:00:00'),(62,1,321,'2026-01-01 00:00:00'),(63,1,322,'2026-01-01 00:00:00'),(64,1,323,'2026-01-01 00:00:00'),(65,1,324,'2026-01-01 00:00:00'),(66,1,325,'2026-01-01 00:00:00'),(67,1,330,'2026-01-01 00:00:00'),(68,1,331,'2026-01-01 00:00:00'),(69,1,332,'2026-01-01 00:00:00'),(70,1,333,'2026-01-01 00:00:00'),(71,1,334,'2026-01-01 00:00:00'),(72,1,340,'2026-01-01 00:00:00'),(73,1,341,'2026-01-01 00:00:00'),(74,1,342,'2026-01-01 00:00:00'),(75,1,343,'2026-01-01 00:00:00'),(76,1,350,'2026-01-01 00:00:00'),(77,1,351,'2026-01-01 00:00:00'),(78,1,352,'2026-01-01 00:00:00'),(79,1,400,'2026-01-01 00:00:00'),(80,1,401,'2026-01-01 00:00:00'),(81,1,402,'2026-01-01 00:00:00'),(82,1,403,'2026-01-01 00:00:00'),(83,1,404,'2026-01-01 00:00:00'),(84,1,405,'2026-01-01 00:00:00'),(85,1,410,'2026-01-01 00:00:00'),(86,1,411,'2026-01-01 00:00:00'),(87,1,412,'2026-01-01 00:00:00'),(88,1,413,'2026-01-01 00:00:00'),(89,1,414,'2026-01-01 00:00:00'),(90,1,420,'2026-01-01 00:00:00'),(91,1,421,'2026-01-01 00:00:00'),(92,1,422,'2026-01-01 00:00:00'),(93,1,423,'2026-01-01 00:00:00'),(94,1,424,'2026-01-01 00:00:00'),(95,1,425,'2026-01-01 00:00:00'),(96,1,430,'2026-01-01 00:00:00'),(97,1,431,'2026-01-01 00:00:00'),(98,1,432,'2026-01-01 00:00:00'),(99,1,440,'2026-01-01 00:00:00'),(100,1,4,'2026-01-01 00:00:00'),(101,1,500,'2026-01-01 00:00:00'),(102,1,501,'2026-01-01 00:00:00'),(103,1,502,'2026-01-01 00:00:00'),(104,1,503,'2026-01-01 00:00:00'),(105,1,504,'2026-01-01 00:00:00'),(106,1,510,'2026-01-01 00:00:00'),(107,1,511,'2026-01-01 00:00:00'),(108,1,512,'2026-01-01 00:00:00'),(109,1,513,'2026-01-01 00:00:00'),(110,1,520,'2026-01-01 00:00:00'),(111,1,521,'2026-01-01 00:00:00'),(112,1,522,'2026-01-01 00:00:00'),(113,1,523,'2026-01-01 00:00:00'),(114,1,524,'2026-01-01 00:00:00'),(115,1,530,'2026-01-01 00:00:00'),(116,1,531,'2026-01-01 00:00:00'),(117,1,532,'2026-01-01 00:00:00'),(118,1,533,'2026-01-01 00:00:00'),(119,1,534,'2026-01-01 00:00:00'),(120,1,535,'2026-01-01 00:00:00'),(121,1,536,'2026-01-01 00:00:00'),(122,1,540,'2026-01-01 00:00:00'),(123,1,541,'2026-01-01 00:00:00'),(124,1,542,'2026-01-01 00:00:00'),(125,1,550,'2026-01-01 00:00:00'),(126,1,551,'2026-01-01 00:00:00'),(127,1,552,'2026-01-01 00:00:00'),(128,1,600,'2026-01-01 00:00:00'),(129,1,601,'2026-01-01 00:00:00'),(130,1,602,'2026-01-01 00:00:00'),(131,1,603,'2026-01-01 00:00:00'),(132,1,604,'2026-01-01 00:00:00'),(133,1,610,'2026-01-01 00:00:00'),(134,1,611,'2026-01-01 00:00:00'),(135,1,612,'2026-01-01 00:00:00'),(136,1,613,'2026-01-01 00:00:00'),(137,1,614,'2026-01-01 00:00:00'),(138,1,620,'2026-01-01 00:00:00'),(139,1,621,'2026-01-01 00:00:00'),(140,1,622,'2026-01-01 00:00:00'),(141,1,623,'2026-01-01 00:00:00'),(142,1,624,'2026-01-01 00:00:00'),(143,1,625,'2026-01-01 00:00:00'),(144,1,626,'2026-01-01 00:00:00'),(145,1,627,'2026-01-01 00:00:00'),(146,1,628,'2026-01-01 00:00:00'),(147,1,630,'2026-01-01 00:00:00'),(148,1,631,'2026-01-01 00:00:00'),(149,1,632,'2026-01-01 00:00:00'),(150,1,640,'2026-01-01 00:00:00'),(151,1,641,'2026-01-01 00:00:00'),(152,1,642,'2026-01-01 00:00:00'),(153,1,5,'2026-01-01 00:00:00'),(154,1,700,'2026-01-01 00:00:00'),(155,1,701,'2026-01-01 00:00:00'),(156,6,1,'2026-04-01 00:00:00'),(157,6,3,'2026-04-01 00:00:00'),(158,6,300,'2026-04-01 00:00:00'),(159,6,301,'2026-04-01 00:00:00'),(160,6,302,'2026-04-01 00:00:00'),(161,6,303,'2026-04-01 00:00:00'),(162,6,304,'2026-04-01 00:00:00'),(163,6,305,'2026-04-01 00:00:00'),(164,6,306,'2026-04-01 00:00:00'),(165,6,307,'2026-04-01 00:00:00'),(166,6,308,'2026-04-01 00:00:00'),(167,6,309,'2026-04-01 00:00:00'),(168,6,310,'2026-04-01 00:00:00'),(169,6,311,'2026-04-01 00:00:00'),(170,6,312,'2026-04-01 00:00:00'),(171,6,320,'2026-04-01 00:00:00'),(172,6,321,'2026-04-01 00:00:00'),(173,6,322,'2026-04-01 00:00:00'),(174,6,323,'2026-04-01 00:00:00'),(175,6,324,'2026-04-01 00:00:00'),(176,6,325,'2026-04-01 00:00:00'),(177,6,330,'2026-04-01 00:00:00'),(178,6,331,'2026-04-01 00:00:00'),(179,6,332,'2026-04-01 00:00:00'),(180,6,333,'2026-04-01 00:00:00'),(181,6,334,'2026-04-01 00:00:00'),(182,6,340,'2026-04-01 00:00:00'),(183,6,341,'2026-04-01 00:00:00'),(184,6,342,'2026-04-01 00:00:00'),(185,6,343,'2026-04-01 00:00:00'),(186,6,350,'2026-04-01 00:00:00'),(187,6,351,'2026-04-01 00:00:00'),(188,6,352,'2026-04-01 00:00:00'),(189,6,400,'2026-04-01 00:00:00'),(190,6,401,'2026-04-01 00:00:00'),(191,6,402,'2026-04-01 00:00:00'),(192,6,403,'2026-04-01 00:00:00'),(193,6,404,'2026-04-01 00:00:00'),(194,6,405,'2026-04-01 00:00:00'),(195,6,410,'2026-04-01 00:00:00'),(196,6,411,'2026-04-01 00:00:00'),(197,6,412,'2026-04-01 00:00:00'),(198,6,413,'2026-04-01 00:00:00'),(199,6,414,'2026-04-01 00:00:00'),(200,6,420,'2026-04-01 00:00:00'),(201,6,421,'2026-04-01 00:00:00'),(202,6,422,'2026-04-01 00:00:00'),(203,6,423,'2026-04-01 00:00:00'),(204,6,424,'2026-04-01 00:00:00'),(205,6,425,'2026-04-01 00:00:00'),(206,6,430,'2026-04-01 00:00:00'),(207,6,431,'2026-04-01 00:00:00'),(208,6,432,'2026-04-01 00:00:00'),(209,6,440,'2026-04-01 00:00:00'),(210,6,4,'2026-04-01 00:00:00'),(211,6,500,'2026-04-01 00:00:00'),(212,6,501,'2026-04-01 00:00:00'),(213,6,502,'2026-04-01 00:00:00'),(214,6,503,'2026-04-01 00:00:00'),(215,6,504,'2026-04-01 00:00:00'),(216,6,510,'2026-04-01 00:00:00'),(217,6,511,'2026-04-01 00:00:00'),(218,6,512,'2026-04-01 00:00:00'),(219,6,513,'2026-04-01 00:00:00'),(220,6,520,'2026-04-01 00:00:00'),(221,6,521,'2026-04-01 00:00:00'),(222,6,522,'2026-04-01 00:00:00'),(223,6,523,'2026-04-01 00:00:00'),(224,6,524,'2026-04-01 00:00:00'),(225,6,530,'2026-04-01 00:00:00'),(226,6,531,'2026-04-01 00:00:00'),(227,6,532,'2026-04-01 00:00:00'),(228,6,533,'2026-04-01 00:00:00'),(229,6,534,'2026-04-01 00:00:00'),(230,6,535,'2026-04-01 00:00:00'),(231,6,536,'2026-04-01 00:00:00'),(232,6,540,'2026-04-01 00:00:00'),(233,6,541,'2026-04-01 00:00:00'),(234,6,542,'2026-04-01 00:00:00'),(235,6,550,'2026-04-01 00:00:00'),(236,6,551,'2026-04-01 00:00:00'),(237,6,552,'2026-04-01 00:00:00'),(238,6,600,'2026-04-01 00:00:00'),(239,6,601,'2026-04-01 00:00:00'),(240,6,602,'2026-04-01 00:00:00'),(241,6,603,'2026-04-01 00:00:00'),(242,6,604,'2026-04-01 00:00:00'),(243,6,610,'2026-04-01 00:00:00'),(244,6,611,'2026-04-01 00:00:00'),(245,6,612,'2026-04-01 00:00:00'),(246,6,613,'2026-04-01 00:00:00'),(247,6,614,'2026-04-01 00:00:00'),(248,6,620,'2026-04-01 00:00:00'),(249,6,621,'2026-04-01 00:00:00'),(250,6,622,'2026-04-01 00:00:00'),(251,6,623,'2026-04-01 00:00:00'),(252,6,624,'2026-04-01 00:00:00'),(253,6,625,'2026-04-01 00:00:00'),(254,6,626,'2026-04-01 00:00:00'),(255,6,627,'2026-04-01 00:00:00'),(256,6,628,'2026-04-01 00:00:00'),(257,6,630,'2026-04-01 00:00:00'),(258,6,631,'2026-04-01 00:00:00'),(259,6,632,'2026-04-01 00:00:00'),(260,6,640,'2026-04-01 00:00:00'),(261,6,641,'2026-04-01 00:00:00'),(262,6,642,'2026-04-01 00:00:00'),(263,6,5,'2026-04-01 00:00:00'),(264,6,700,'2026-04-01 00:00:00'),(265,6,701,'2026-04-01 00:00:00'),(266,3,1,'2026-01-05 00:00:00'),(267,3,2,'2026-01-05 00:00:00'),(268,3,10,'2026-01-05 00:00:00'),(269,3,11,'2026-01-05 00:00:00'),(270,3,12,'2026-01-05 00:00:00'),(271,3,13,'2026-01-05 00:00:00'),(272,3,14,'2026-01-05 00:00:00'),(273,3,15,'2026-01-05 00:00:00'),(274,3,16,'2026-01-05 00:00:00'),(275,3,17,'2026-01-05 00:00:00'),(276,3,201,'2026-01-05 00:00:00'),(277,3,202,'2026-01-05 00:00:00'),(278,3,211,'2026-01-05 00:00:00'),(279,3,212,'2026-01-05 00:00:00'),(280,3,221,'2026-01-05 00:00:00'),(281,3,3,'2026-01-05 00:00:00'),(282,3,300,'2026-01-05 00:00:00'),(283,3,301,'2026-01-05 00:00:00'),(284,3,302,'2026-01-05 00:00:00'),(285,3,303,'2026-01-05 00:00:00'),(286,3,304,'2026-01-05 00:00:00'),(287,3,305,'2026-01-05 00:00:00'),(288,3,306,'2026-01-05 00:00:00'),(289,3,307,'2026-01-05 00:00:00'),(290,3,308,'2026-01-05 00:00:00'),(291,3,309,'2026-01-05 00:00:00'),(292,3,310,'2026-01-05 00:00:00'),(293,3,311,'2026-01-05 00:00:00'),(294,3,312,'2026-01-05 00:00:00'),(295,3,320,'2026-01-05 00:00:00'),(296,3,321,'2026-01-05 00:00:00'),(297,3,322,'2026-01-05 00:00:00'),(298,3,323,'2026-01-05 00:00:00'),(299,3,324,'2026-01-05 00:00:00'),(300,3,325,'2026-01-05 00:00:00'),(301,3,330,'2026-01-05 00:00:00'),(302,3,331,'2026-01-05 00:00:00'),(303,3,332,'2026-01-05 00:00:00'),(304,3,333,'2026-01-05 00:00:00'),(305,3,334,'2026-01-05 00:00:00'),(306,3,340,'2026-01-05 00:00:00'),(307,3,341,'2026-01-05 00:00:00'),(308,3,342,'2026-01-05 00:00:00'),(309,3,343,'2026-01-05 00:00:00'),(310,3,350,'2026-01-05 00:00:00'),(311,3,351,'2026-01-05 00:00:00'),(312,3,352,'2026-01-05 00:00:00'),(313,3,400,'2026-01-05 00:00:00'),(314,3,401,'2026-01-05 00:00:00'),(315,3,402,'2026-01-05 00:00:00'),(316,3,403,'2026-01-05 00:00:00'),(317,3,404,'2026-01-05 00:00:00'),(318,3,405,'2026-01-05 00:00:00'),(319,3,410,'2026-01-05 00:00:00'),(320,3,411,'2026-01-05 00:00:00'),(321,3,412,'2026-01-05 00:00:00'),(322,3,413,'2026-01-05 00:00:00'),(323,3,414,'2026-01-05 00:00:00'),(324,3,420,'2026-01-05 00:00:00'),(325,3,421,'2026-01-05 00:00:00'),(326,3,422,'2026-01-05 00:00:00'),(327,3,423,'2026-01-05 00:00:00'),(328,3,424,'2026-01-05 00:00:00'),(329,3,425,'2026-01-05 00:00:00'),(330,3,430,'2026-01-05 00:00:00'),(331,3,431,'2026-01-05 00:00:00'),(332,3,432,'2026-01-01 00:00:00'),(333,3,440,'2026-01-05 00:00:00'),(334,3,4,'2026-01-05 00:00:00'),(335,3,500,'2026-01-05 00:00:00'),(336,3,501,'2026-01-05 00:00:00'),(337,3,502,'2026-01-05 00:00:00'),(338,3,503,'2026-01-05 00:00:00'),(339,3,504,'2026-01-05 00:00:00'),(340,3,510,'2026-01-05 00:00:00'),(341,3,520,'2026-01-05 00:00:00'),(342,3,530,'2026-01-05 00:00:00'),(343,3,540,'2026-01-05 00:00:00'),(344,3,600,'2026-01-05 00:00:00'),(345,3,601,'2026-01-05 00:00:00'),(346,3,610,'2026-01-05 00:00:00'),(347,3,611,'2026-01-05 00:00:00'),(348,3,620,'2026-01-05 00:00:00'),(349,3,621,'2026-01-05 00:00:00'),(350,3,628,'2026-01-05 00:00:00'),(351,3,630,'2026-01-05 00:00:00'),(352,3,640,'2026-01-05 00:00:00'),(353,3,641,'2026-01-05 00:00:00'),(354,3,5,'2026-01-05 00:00:00'),(355,3,700,'2026-01-05 00:00:00'),(356,3,701,'2026-01-05 00:00:00'),(357,2,1,'2026-01-05 00:00:00'),(358,2,2,'2026-01-05 00:00:00'),(359,2,10,'2026-01-05 00:00:00'),(360,2,11,'2026-01-05 00:00:00'),(361,2,12,'2026-01-05 00:00:00'),(362,2,13,'2026-01-05 00:00:00'),(363,2,14,'2026-01-05 00:00:00'),(364,2,15,'2026-01-05 00:00:00'),(365,2,16,'2026-01-05 00:00:00'),(366,2,17,'2026-01-05 00:00:00'),(367,2,201,'2026-01-05 00:00:00'),(368,2,202,'2026-01-05 00:00:00'),(369,2,211,'2026-01-05 00:00:00'),(370,2,212,'2026-01-05 00:00:00'),(371,2,221,'2026-01-05 00:00:00'),(372,2,3,'2026-01-05 00:00:00'),(373,2,300,'2026-01-05 00:00:00'),(374,2,301,'2026-01-05 00:00:00'),(375,2,302,'2026-01-05 00:00:00'),(376,2,303,'2026-01-05 00:00:00'),(377,2,304,'2026-01-05 00:00:00'),(378,2,305,'2026-01-05 00:00:00'),(379,2,306,'2026-01-05 00:00:00'),(380,2,307,'2026-01-05 00:00:00'),(381,2,308,'2026-01-05 00:00:00'),(382,2,309,'2026-01-05 00:00:00'),(383,2,310,'2026-01-05 00:00:00'),(384,2,311,'2026-01-05 00:00:00'),(385,2,312,'2026-01-05 00:00:00'),(386,2,320,'2026-01-05 00:00:00'),(387,2,321,'2026-01-05 00:00:00'),(388,2,322,'2026-01-05 00:00:00'),(389,2,323,'2026-01-05 00:00:00'),(390,2,324,'2026-01-05 00:00:00'),(391,2,325,'2026-01-05 00:00:00'),(392,2,330,'2026-01-05 00:00:00'),(393,2,331,'2026-01-05 00:00:00'),(394,2,332,'2026-01-05 00:00:00'),(395,2,333,'2026-01-05 00:00:00'),(396,2,334,'2026-01-05 00:00:00'),(397,2,340,'2026-01-05 00:00:00'),(398,2,341,'2026-01-05 00:00:00'),(399,2,342,'2026-01-05 00:00:00'),(400,2,343,'2026-01-05 00:00:00'),(401,2,350,'2026-01-05 00:00:00'),(402,2,351,'2026-01-05 00:00:00'),(403,2,352,'2026-01-05 00:00:00'),(404,2,400,'2026-01-05 00:00:00'),(405,2,401,'2026-01-05 00:00:00'),(406,2,402,'2026-01-05 00:00:00'),(407,2,403,'2026-01-05 00:00:00'),(408,2,404,'2026-01-05 00:00:00'),(409,2,405,'2026-01-05 00:00:00'),(410,2,410,'2026-01-05 00:00:00'),(411,2,411,'2026-01-05 00:00:00'),(412,2,412,'2026-01-05 00:00:00'),(413,2,413,'2026-01-05 00:00:00'),(414,2,414,'2026-01-05 00:00:00'),(415,2,420,'2026-01-05 00:00:00'),(416,2,421,'2026-01-05 00:00:00'),(417,2,422,'2026-01-05 00:00:00'),(418,2,423,'2026-01-05 00:00:00'),(419,2,424,'2026-01-05 00:00:00'),(420,2,425,'2026-01-05 00:00:00'),(421,2,430,'2026-01-05 00:00:00'),(422,2,431,'2026-01-05 00:00:00'),(423,2,432,'2026-01-01 00:00:00'),(424,2,440,'2026-01-05 00:00:00'),(425,2,4,'2026-01-05 00:00:00'),(426,2,500,'2026-01-05 00:00:00'),(427,2,501,'2026-01-05 00:00:00'),(428,2,502,'2026-01-05 00:00:00'),(429,2,503,'2026-01-05 00:00:00'),(430,2,504,'2026-01-05 00:00:00'),(431,2,510,'2026-01-05 00:00:00'),(432,2,520,'2026-01-05 00:00:00'),(433,2,530,'2026-01-05 00:00:00'),(434,2,540,'2026-01-05 00:00:00'),(435,2,600,'2026-01-05 00:00:00'),(436,2,601,'2026-01-05 00:00:00'),(437,2,610,'2026-01-05 00:00:00'),(438,2,611,'2026-01-05 00:00:00'),(439,2,620,'2026-01-05 00:00:00'),(440,2,621,'2026-01-05 00:00:00'),(441,2,628,'2026-01-05 00:00:00'),(442,2,630,'2026-01-05 00:00:00'),(443,2,640,'2026-01-05 00:00:00'),(444,2,641,'2026-01-05 00:00:00'),(445,2,5,'2026-01-05 00:00:00'),(446,2,700,'2026-01-05 00:00:00'),(447,2,701,'2026-01-05 00:00:00'),(448,4,1,'2026-01-10 00:00:00'),(449,4,2,'2026-01-10 00:00:00'),(450,4,10,'2026-01-10 00:00:00'),(451,4,201,'2026-01-10 00:00:00'),(452,4,202,'2026-01-10 00:00:00'),(453,4,3,'2026-01-10 00:00:00'),(454,4,300,'2026-01-10 00:00:00'),(455,4,301,'2026-01-10 00:00:00'),(456,4,302,'2026-01-10 00:00:00'),(457,4,303,'2026-01-10 00:00:00'),(458,4,304,'2026-01-10 00:00:00'),(459,4,305,'2026-01-10 00:00:00'),(460,4,306,'2026-01-10 00:00:00'),(461,4,307,'2026-01-10 00:00:00'),(462,4,308,'2026-01-10 00:00:00'),(463,4,309,'2026-01-10 00:00:00'),(464,4,310,'2026-01-10 00:00:00'),(465,4,311,'2026-01-10 00:00:00'),(466,4,312,'2026-01-10 00:00:00'),(467,4,320,'2026-01-10 00:00:00'),(468,4,321,'2026-01-10 00:00:00'),(469,4,322,'2026-01-10 00:00:00'),(470,4,324,'2026-01-10 00:00:00'),(471,4,325,'2026-01-10 00:00:00'),(472,4,330,'2026-01-10 00:00:00'),(473,4,331,'2026-01-10 00:00:00'),(474,4,332,'2026-01-10 00:00:00'),(475,4,333,'2026-01-10 00:00:00'),(476,4,340,'2026-01-10 00:00:00'),(477,4,341,'2026-01-10 00:00:00'),(478,4,342,'2026-01-10 00:00:00'),(479,4,343,'2026-01-10 00:00:00'),(480,4,350,'2026-01-10 00:00:00'),(481,4,351,'2026-01-10 00:00:00'),(482,4,352,'2026-01-10 00:00:00'),(483,4,400,'2026-01-10 00:00:00'),(484,4,401,'2026-01-10 00:00:00'),(485,4,402,'2026-01-10 00:00:00'),(486,4,403,'2026-01-10 00:00:00'),(487,4,404,'2026-01-10 00:00:00'),(488,4,405,'2026-01-10 00:00:00'),(489,4,410,'2026-01-10 00:00:00'),(490,4,411,'2026-01-10 00:00:00'),(491,4,412,'2026-01-10 00:00:00'),(492,4,413,'2026-01-10 00:00:00'),(493,4,414,'2026-01-10 00:00:00'),(494,4,420,'2026-01-10 00:00:00'),(495,4,421,'2026-01-10 00:00:00'),(496,4,422,'2026-01-10 00:00:00'),(497,4,423,'2026-01-10 00:00:00'),(498,4,424,'2026-01-10 00:00:00'),(499,4,430,'2026-01-10 00:00:00'),(500,4,431,'2026-01-10 00:00:00'),(501,4,432,'2026-01-10 00:00:00'),(502,4,440,'2026-01-10 00:00:00'),(503,5,1,'2026-01-10 00:00:00'),(504,5,4,'2026-01-10 00:00:00'),(505,5,500,'2026-01-10 00:00:00'),(506,5,501,'2026-01-10 00:00:00'),(507,5,502,'2026-01-10 00:00:00'),(508,5,503,'2026-01-10 00:00:00'),(509,5,504,'2026-01-10 00:00:00'),(510,5,510,'2026-01-10 00:00:00'),(511,5,520,'2026-01-10 00:00:00'),(512,5,530,'2026-01-10 00:00:00'),(513,5,531,'2026-01-10 00:00:00'),(514,5,532,'2026-01-10 00:00:00'),(515,5,533,'2026-01-10 00:00:00'),(516,5,534,'2026-01-10 00:00:00'),(517,5,535,'2026-01-10 00:00:00'),(518,5,536,'2026-01-10 00:00:00'),(519,5,540,'2026-01-10 00:00:00'),(520,5,550,'2026-01-10 00:00:00'),(521,5,600,'2026-01-10 00:00:00'),(522,5,601,'2026-01-10 00:00:00'),(523,5,610,'2026-01-10 00:00:00'),(524,5,611,'2026-01-10 00:00:00'),(525,5,620,'2026-01-10 00:00:00'),(526,5,621,'2026-01-10 00:00:00'),(527,5,622,'2026-01-10 00:00:00'),(528,5,623,'2026-01-10 00:00:00'),(529,5,624,'2026-01-10 00:00:00'),(530,5,625,'2026-01-10 00:00:00'),(531,5,626,'2026-01-10 00:00:00'),(532,5,627,'2026-01-10 00:00:00'),(533,5,628,'2026-01-10 00:00:00'),(534,5,630,'2026-01-10 00:00:00'),(535,5,640,'2026-01-10 00:00:00'),(536,5,641,'2026-01-10 00:00:00'),(537,7,1,'2026-04-01 00:00:00'),(538,7,4,'2026-04-01 00:00:00'),(539,7,503,'2026-04-01 00:00:00'),(540,7,504,'2026-04-01 00:00:00'),(541,7,540,'2026-04-01 00:00:00'),(542,7,541,'2026-04-01 00:00:00'),(543,7,542,'2026-04-01 00:00:00'),(544,7,550,'2026-04-01 00:00:00'),(545,7,551,'2026-04-01 00:00:00'),(546,7,552,'2026-04-01 00:00:00'),(547,7,630,'2026-04-01 00:00:00'),(548,7,631,'2026-04-01 00:00:00'),(549,7,632,'2026-04-01 00:00:00'),(550,7,640,'2026-04-01 00:00:00'),(551,7,641,'2026-04-01 00:00:00'),(552,7,642,'2026-04-01 00:00:00'),(553,8,1,'2026-01-01 00:00:00'),(554,8,2,'2026-01-01 00:00:00'),(555,8,10,'2026-01-01 00:00:00'),(556,8,11,'2026-01-01 00:00:00'),(557,8,12,'2026-01-01 00:00:00'),(558,8,13,'2026-01-01 00:00:00'),(559,8,14,'2026-01-01 00:00:00'),(560,8,15,'2026-01-01 00:00:00'),(561,8,16,'2026-01-01 00:00:00'),(562,8,17,'2026-01-01 00:00:00'),(563,8,201,'2026-01-01 00:00:00'),(564,8,202,'2026-01-01 00:00:00'),(565,8,211,'2026-01-01 00:00:00'),(566,8,212,'2026-01-01 00:00:00'),(567,8,221,'2026-01-01 00:00:00'),(568,8,3,'2026-01-01 00:00:00'),(569,8,300,'2026-01-01 00:00:00'),(570,8,301,'2026-01-01 00:00:00'),(571,8,302,'2026-01-01 00:00:00'),(572,8,303,'2026-01-01 00:00:00'),(573,8,304,'2026-01-01 00:00:00'),(574,8,305,'2026-01-01 00:00:00'),(575,8,306,'2026-01-01 00:00:00'),(576,8,307,'2026-01-01 00:00:00'),(577,8,308,'2026-01-01 00:00:00'),(578,8,309,'2026-01-01 00:00:00'),(579,8,310,'2026-01-01 00:00:00'),(580,8,311,'2026-01-01 00:00:00'),(581,8,312,'2026-01-01 00:00:00'),(582,8,400,'2026-01-01 00:00:00'),(583,8,401,'2026-01-01 00:00:00'),(584,8,410,'2026-01-01 00:00:00'),(585,8,411,'2026-01-01 00:00:00'),(586,8,420,'2026-01-01 00:00:00'),(587,8,421,'2026-01-01 00:00:00'),(588,8,430,'2026-01-01 00:00:00'),(589,8,440,'2026-01-01 00:00:00'),(590,8,4,'2026-01-01 00:00:00'),(591,8,500,'2026-01-01 00:00:00'),(592,8,501,'2026-01-01 00:00:00'),(593,8,502,'2026-01-01 00:00:00'),(594,8,503,'2026-01-01 00:00:00'),(595,8,504,'2026-01-01 00:00:00'),(596,8,510,'2026-01-01 00:00:00'),(597,8,520,'2026-01-01 00:00:00'),(598,8,530,'2026-01-01 00:00:00'),(599,8,540,'2026-01-01 00:00:00'),(600,8,550,'2026-01-01 00:00:00'),(601,8,600,'2026-01-01 00:00:00'),(602,8,601,'2026-01-01 00:00:00'),(603,8,610,'2026-01-01 00:00:00'),(604,8,611,'2026-01-01 00:00:00'),(605,8,620,'2026-01-01 00:00:00'),(606,8,621,'2026-01-01 00:00:00'),(607,8,628,'2026-01-01 00:00:00'),(608,8,630,'2026-01-01 00:00:00'),(609,8,640,'2026-01-01 00:00:00'),(610,8,641,'2026-01-01 00:00:00'),(611,8,5,'2026-01-01 00:00:00'),(612,8,700,'2026-01-01 00:00:00'),(613,8,701,'2026-01-01 00:00:00'),(614,1,200,'2026-04-22 15:17:46'),(615,1,100,'2026-04-22 15:17:46'),(617,4,100,'2026-04-22 16:12:12'),(618,5,200,'2026-04-22 16:12:12'),(620,2,100,'2026-04-22 16:12:12');
/*!40000 ALTER TABLE `sys_role_permission` ENABLE KEYS */;
UNLOCK TABLES;

--
-- Table structure for table `sys_user`
--

DROP TABLE IF EXISTS `sys_user`;
/*!40101 SET @saved_cs_client     = @@character_set_client */;
/*!50503 SET character_set_client = utf8mb4 */;
CREATE TABLE `sys_user` (
  `id` bigint NOT NULL AUTO_INCREMENT COMMENT '用户ID',
  `username` varchar(50) COLLATE utf8mb4_unicode_ci NOT NULL COMMENT '用户名',
  `password` varchar(200) COLLATE utf8mb4_unicode_ci NOT NULL COMMENT '密码密文(BCrypt)',
  `real_name` varchar(50) COLLATE utf8mb4_unicode_ci NOT NULL COMMENT '真实姓名',
  `phone` varchar(20) COLLATE utf8mb4_unicode_ci DEFAULT NULL COMMENT '手机号',
  `email` varchar(100) COLLATE utf8mb4_unicode_ci DEFAULT NULL COMMENT '邮箱',
  `dept_id` bigint DEFAULT NULL COMMENT '所属部门ID',
  `zone_id` bigint DEFAULT NULL COMMENT '所属战区ID',
  `status` tinyint NOT NULL DEFAULT '1' COMMENT '账号状态: 1-正常 0-禁用',
  `login_error_count` int NOT NULL DEFAULT '0' COMMENT '连续登录失败次数',
  `lock_time` datetime DEFAULT NULL COMMENT '账号锁定截止时间',
  `last_login_time` datetime DEFAULT NULL COMMENT '最后登录时间',
  `last_login_ip` varchar(50) COLLATE utf8mb4_unicode_ci DEFAULT NULL COMMENT '最后登录IP',
  `created_by` bigint DEFAULT NULL COMMENT '创建人',
  `created_at` datetime NOT NULL DEFAULT CURRENT_TIMESTAMP COMMENT '创建时间',
  `updated_by` bigint DEFAULT NULL COMMENT '修改人',
  `updated_at` datetime NOT NULL DEFAULT CURRENT_TIMESTAMP ON UPDATE CURRENT_TIMESTAMP COMMENT '修改时间',
  `deleted` tinyint NOT NULL DEFAULT '0' COMMENT '逻辑删除: 0-未删 1-已删',
  `version` int NOT NULL DEFAULT '0' COMMENT '乐观锁版本号',
  PRIMARY KEY (`id`),
  UNIQUE KEY `uk_username` (`username`),
  KEY `idx_dept_id` (`dept_id`),
  KEY `idx_zone_id` (`zone_id`),
  KEY `idx_status` (`status`),
  KEY `idx_deleted` (`deleted`)
) ENGINE=InnoDB AUTO_INCREMENT=29 DEFAULT CHARSET=utf8mb4 COLLATE=utf8mb4_unicode_ci COMMENT='系统用户表';
/*!40101 SET character_set_client = @saved_cs_client */;

--
-- Dumping data for table `sys_user`
--

LOCK TABLES `sys_user` WRITE;
/*!40000 ALTER TABLE `sys_user` DISABLE KEYS */;
INSERT INTO `sys_user` VALUES (1,'admin','$2a$10$7V5A04tAgb1bS63h9GuA5uyNZpj5ewKUJHKZOsT4BQKKetg4LFeFe','超级管理员','13800000001','admin@neocc.com',1,1,1,0,NULL,'2026-04-22 08:28:33','unknown',NULL,'2026-01-01 00:00:00',NULL,'2026-04-22 16:28:33',0,1),(2,'zhangsan','$2a$10$xGz4rPQrkJQZJyJQPVgO4eLpNpLQnYQQRmGHHhZq6jLQpKlKlKlKK','张三','13800000002','zhangsan@neocc.com',1,1,1,0,NULL,'2026-04-13 15:30:00','192.168.1.100',1,'2026-01-05 09:00:00',NULL,'2026-04-13 15:30:00',0,1),(3,'lisi','$2a$10$xGz4rPQrkJQZJyJQPVgO4eLpNpLQnYQQRmGHHhZq6jLQpKlKlKlKK','李四','13800000003','lisi@neocc.com',2,1,1,0,NULL,'2026-04-12 10:00:00','192.168.1.101',1,'2026-01-10 10:00:00',NULL,'2026-04-12 10:00:00',0,1),(4,'wangwu','$2a$10$xGz4rPQrkJQZJyJQPVgO4eLpNpLQnYQQRmGHHhZq6jLQpKlKlKlKK','王五','13800000004','wangwu@neocc.com',2,2,1,0,NULL,'2026-04-11 14:00:00','10.0.0.50',1,'2026-01-15 11:00:00',NULL,'2026-04-11 14:00:00',0,1),(5,'zhaoliu','$2a$10$xGz4rPQrkJQZJyJQPVgO4eLpNpLQnYQQRmGHHhZq6jLQpKlKlKlKK','赵六','13800000005','zhaoliu@neocc.com',3,2,1,0,NULL,'2026-04-10 16:00:00','172.16.0.10',1,'2026-02-01 09:00:00',NULL,'2026-04-10 16:00:00',0,1),(6,'disabled_user','$2a$10$xGz4rPQrkJQZJyJQPVgO4eLpNpLQnYQQRmGHHhZq6jLQpKlKlKlKK','已禁用用户','13800000006','disabled@neocc.com',1,1,0,0,NULL,NULL,NULL,1,'2026-02-01 00:00:00',NULL,'2026-03-01 00:00:00',0,1),(7,'locked_user','$2a$10$xGz4rPQrkJQZJyJQPVgO4eLpNpLQnYQQRmGHHhZq6jLQpKlKlKlKK','锁定用户','13800000007','locked@neocc.com',1,1,1,5,'2026-04-14 09:30:00',NULL,NULL,1,'2026-02-10 00:00:00',NULL,'2026-04-14 09:00:00',0,1),(8,'null_fields_user','$2a$10$xGz4rPQrkJQZJyJQPVgO4eLpNpLQnYQQRmGHHhZq6jLQpKlKlKlKK','空字段用户',NULL,NULL,NULL,NULL,1,0,NULL,NULL,NULL,1,'2026-03-01 00:00:00',NULL,'2026-03-01 00:00:00',0,1),(9,'long_phone_user','$2a$10$xGz4rPQrkJQZJyJQPVgO4eLpNpLQnYQQRmGHHhZq6jLQpKlKlKlKK','超长手机用户','13800000000123456789','longphone@neocc.com',1,1,1,0,NULL,NULL,NULL,1,'2026-03-05 00:00:00',NULL,'2026-03-05 00:00:00',0,1),(10,'deleted_user','$2a$10$xGz4rPQrkJQZJyJQPVgO4eLpNpLQnYQQRmGHHhZq6jLQpKlKlKlKK','已删除用户','13800000010','deleted@neocc.com',1,1,1,0,NULL,NULL,NULL,1,'2026-01-01 00:00:00',1,'2026-04-01 00:00:00',1,1),(23,'test_admin','$2b$10$7IhPDDAGtoY.5ao.gLrzWu2g4sI4zOv8QudOW9ZsxyND/LJ7v7PVe','测试管理员','13800000001','admin@test.com',NULL,NULL,1,0,NULL,'2026-04-22 08:14:25','127.0.0.1',NULL,'2026-04-22 16:10:38',NULL,'2026-04-22 16:14:24',0,0),(24,'test_dept_mgr','$2b$10$7IhPDDAGtoY.5ao.gLrzWu2g4sI4zOv8QudOW9ZsxyND/LJ7v7PVe','测试部门经理','13800000002','dept@test.com',NULL,NULL,1,0,NULL,'2026-04-22 08:15:50','127.0.0.1',NULL,'2026-04-22 16:10:38',NULL,'2026-04-22 16:15:50',0,0),(25,'test_zone_dir','$2b$10$7IhPDDAGtoY.5ao.gLrzWu2g4sI4zOv8QudOW9ZsxyND/LJ7v7PVe','测试战区总监','13800000003','zone@test.com',NULL,NULL,1,0,NULL,'2026-04-22 08:12:23','127.0.0.1',NULL,'2026-04-22 16:10:38',NULL,'2026-04-22 16:12:23',0,0),(26,'test_sales','$2b$10$7IhPDDAGtoY.5ao.gLrzWu2g4sI4zOv8QudOW9ZsxyND/LJ7v7PVe','测试销售代表','13800000004','sales@test.com',NULL,NULL,1,0,NULL,'2026-04-22 08:12:24','127.0.0.1',NULL,'2026-04-22 16:10:38',NULL,'2026-04-22 16:12:23',0,0),(27,'test_finance','$2b$10$7IhPDDAGtoY.5ao.gLrzWu2g4sI4zOv8QudOW9ZsxyND/LJ7v7PVe','测试金融专员','13800000005','finance@test.com',NULL,NULL,1,0,NULL,'2026-04-22 08:16:56','127.0.0.1',NULL,'2026-04-22 16:10:38',NULL,'2026-04-22 16:16:55',0,0),(28,'test_auditor','$2b$10$7IhPDDAGtoY.5ao.gLrzWu2g4sI4zOv8QudOW9ZsxyND/LJ7v7PVe','测试审计员','13800000006','audit@test.com',NULL,NULL,1,0,NULL,'2026-04-22 08:16:21','127.0.0.1',NULL,'2026-04-22 16:10:38',NULL,'2026-04-22 16:16:20',0,0);
/*!40000 ALTER TABLE `sys_user` ENABLE KEYS */;
UNLOCK TABLES;

--
-- Table structure for table `sys_user_role`
--

DROP TABLE IF EXISTS `sys_user_role`;
/*!40101 SET @saved_cs_client     = @@character_set_client */;
/*!50503 SET character_set_client = utf8mb4 */;
CREATE TABLE `sys_user_role` (
  `id` bigint NOT NULL AUTO_INCREMENT COMMENT '主键',
  `user_id` bigint NOT NULL COMMENT '用户ID',
  `role_id` bigint NOT NULL COMMENT '角色ID',
  `created_at` datetime NOT NULL DEFAULT CURRENT_TIMESTAMP COMMENT '创建时间',
  PRIMARY KEY (`id`),
  UNIQUE KEY `uk_user_role` (`user_id`,`role_id`),
  KEY `idx_user_id` (`user_id`),
  KEY `idx_role_id` (`role_id`)
) ENGINE=InnoDB AUTO_INCREMENT=20 DEFAULT CHARSET=utf8mb4 COLLATE=utf8mb4_unicode_ci COMMENT='用户角色关联表';
/*!40101 SET character_set_client = @saved_cs_client */;

--
-- Dumping data for table `sys_user_role`
--

LOCK TABLES `sys_user_role` WRITE;
/*!40000 ALTER TABLE `sys_user_role` DISABLE KEYS */;
INSERT INTO `sys_user_role` VALUES (1,1,1,'2026-01-01 00:00:00'),(2,2,2,'2026-01-05 00:00:00'),(3,3,4,'2026-01-10 00:00:00'),(4,4,4,'2026-01-15 00:00:00'),(5,5,4,'2026-02-01 00:00:00'),(6,6,1,'2026-02-01 00:00:00'),(7,7,4,'2026-02-10 00:00:00'),(8,8,4,'2026-03-01 00:00:00'),(9,9,4,'2026-03-05 00:00:00'),(14,23,1,'2026-04-22 16:10:47'),(15,24,2,'2026-04-22 16:10:47'),(16,25,3,'2026-04-22 16:10:47'),(17,26,4,'2026-04-22 16:10:47'),(18,27,5,'2026-04-22 16:10:47'),(19,28,6,'2026-04-22 16:10:47');
/*!40000 ALTER TABLE `sys_user_role` ENABLE KEYS */;
UNLOCK TABLES;
/*!40103 SET TIME_ZONE=@OLD_TIME_ZONE */;

/*!40101 SET SQL_MODE=@OLD_SQL_MODE */;
/*!40014 SET FOREIGN_KEY_CHECKS=@OLD_FOREIGN_KEY_CHECKS */;
/*!40014 SET UNIQUE_CHECKS=@OLD_UNIQUE_CHECKS */;
/*!40101 SET CHARACTER_SET_CLIENT=@OLD_CHARACTER_SET_CLIENT */;
/*!40101 SET CHARACTER_SET_RESULTS=@OLD_CHARACTER_SET_RESULTS */;
/*!40101 SET COLLATION_CONNECTION=@OLD_COLLATION_CONNECTION */;
/*!40111 SET SQL_NOTES=@OLD_SQL_NOTES */;

-- Dump completed on 2026-04-22 16:29:32

-- ========================================
-- system
-- ========================================
-- MySQL dump 10.13  Distrib 8.0.45, for Linux (aarch64)
--
-- Host: localhost    Database: dafuweng_system
-- ------------------------------------------------------
-- Server version	8.0.45

/*!40101 SET @OLD_CHARACTER_SET_CLIENT=@@CHARACTER_SET_CLIENT */;
/*!40101 SET @OLD_CHARACTER_SET_RESULTS=@@CHARACTER_SET_RESULTS */;
/*!40101 SET @OLD_COLLATION_CONNECTION=@@COLLATION_CONNECTION */;
/*!50503 SET NAMES utf8mb4 */;
/*!40103 SET @OLD_TIME_ZONE=@@TIME_ZONE */;
/*!40103 SET TIME_ZONE='+00:00' */;
/*!40014 SET @OLD_UNIQUE_CHECKS=@@UNIQUE_CHECKS, UNIQUE_CHECKS=0 */;
/*!40014 SET @OLD_FOREIGN_KEY_CHECKS=@@FOREIGN_KEY_CHECKS, FOREIGN_KEY_CHECKS=0 */;
/*!40101 SET @OLD_SQL_MODE=@@SQL_MODE, SQL_MODE='NO_AUTO_VALUE_ON_ZERO' */;
/*!40111 SET @OLD_SQL_NOTES=@@SQL_NOTES, SQL_NOTES=0 */;

--
-- Table structure for table `sys_department`
--

DROP TABLE IF EXISTS `sys_department`;
/*!40101 SET @saved_cs_client     = @@character_set_client */;
/*!50503 SET character_set_client = utf8mb4 */;
CREATE TABLE `sys_department` (
  `id` bigint NOT NULL AUTO_INCREMENT COMMENT '部门ID',
  `dept_code` varchar(50) COLLATE utf8mb4_unicode_ci NOT NULL COMMENT '部门编码',
  `dept_name` varchar(100) COLLATE utf8mb4_unicode_ci NOT NULL COMMENT '部门名称',
  `parent_id` bigint NOT NULL DEFAULT '0' COMMENT '父部门ID: 0-根',
  `zone_id` bigint NOT NULL COMMENT '所属战区ID',
  `manager_id` bigint DEFAULT NULL COMMENT '部门经理用户ID',
  `sort_order` int NOT NULL DEFAULT '0' COMMENT '显示顺序',
  `status` tinyint NOT NULL DEFAULT '1' COMMENT '状态: 1-启用 0-禁用',
  `created_by` bigint DEFAULT NULL COMMENT '创建人',
  `created_at` datetime NOT NULL DEFAULT CURRENT_TIMESTAMP COMMENT '创建时间',
  `updated_by` bigint DEFAULT NULL COMMENT '修改人',
  `updated_at` datetime NOT NULL DEFAULT CURRENT_TIMESTAMP ON UPDATE CURRENT_TIMESTAMP COMMENT '修改时间',
  `deleted` tinyint NOT NULL DEFAULT '0' COMMENT '逻辑删除',
  PRIMARY KEY (`id`),
  UNIQUE KEY `uk_dept_code` (`dept_code`),
  KEY `idx_parent_id` (`parent_id`),
  KEY `idx_zone_id` (`zone_id`),
  KEY `idx_deleted` (`deleted`)
) ENGINE=InnoDB AUTO_INCREMENT=9 DEFAULT CHARSET=utf8mb4 COLLATE=utf8mb4_unicode_ci COMMENT='部门表';
/*!40101 SET character_set_client = @saved_cs_client */;

--
-- Dumping data for table `sys_department`
--

LOCK TABLES `sys_department` WRITE;
/*!40000 ALTER TABLE `sys_department` DISABLE KEYS */;
INSERT INTO `sys_department` VALUES (1,'DEPT_HQ','总部',0,1,2,1,1,1,'2026-01-01 00:00:00',NULL,'2026-04-22 15:45:48',0),(2,'DEPT_SALES','销售部',1,1,3,1,1,1,'2026-01-05 00:00:00',NULL,'2026-04-22 15:45:48',0),(3,'DEPT_FINANCE','财务部',1,1,NULL,2,1,1,'2026-01-05 00:00:00',NULL,'2026-04-22 15:45:48',0),(4,'DEPT_OPERATIONS','运营部',1,2,5,3,1,1,'2026-01-10 00:00:00',NULL,'2026-04-22 15:45:48',0),(5,'DEPT_SALES_EAST','销售一部',2,1,3,1,1,1,'2026-01-15 00:00:00',NULL,'2026-04-22 15:45:48',0),(6,'DEPT_SALES_WEST','销售二部',2,2,4,2,1,1,'2026-01-15 00:00:00',NULL,'2026-04-22 15:45:48',0),(7,'DEPT_DISABLED','已禁用部门',1,1,NULL,99,0,1,'2026-02-01 00:00:00',NULL,'2026-04-22 15:45:48',0),(8,'DEPT_NO_ZONE','无战区部门',1,1,NULL,5,1,1,'2026-03-01 00:00:00',NULL,'2026-04-22 15:45:48',0);
/*!40000 ALTER TABLE `sys_department` ENABLE KEYS */;
UNLOCK TABLES;

--
-- Table structure for table `sys_dict`
--

DROP TABLE IF EXISTS `sys_dict`;
/*!40101 SET @saved_cs_client     = @@character_set_client */;
/*!50503 SET character_set_client = utf8mb4 */;
CREATE TABLE `sys_dict` (
  `id` bigint NOT NULL AUTO_INCREMENT COMMENT '字典ID',
  `dict_type` varchar(50) COLLATE utf8mb4_unicode_ci NOT NULL COMMENT '字典类型',
  `dict_code` varchar(50) COLLATE utf8mb4_unicode_ci NOT NULL COMMENT '字典编码',
  `dict_label` varchar(100) COLLATE utf8mb4_unicode_ci NOT NULL COMMENT '字典标签',
  `dict_value` varchar(200) COLLATE utf8mb4_unicode_ci NOT NULL COMMENT '字典值',
  `sort_order` int NOT NULL DEFAULT '0' COMMENT '显示顺序',
  `status` tinyint NOT NULL DEFAULT '1' COMMENT '状态',
  `remark` varchar(200) COLLATE utf8mb4_unicode_ci DEFAULT NULL COMMENT '备注',
  `created_at` datetime NOT NULL DEFAULT CURRENT_TIMESTAMP COMMENT '创建时间',
  `updated_at` datetime NOT NULL DEFAULT CURRENT_TIMESTAMP ON UPDATE CURRENT_TIMESTAMP COMMENT '修改时间',
  `deleted` tinyint NOT NULL DEFAULT '0' COMMENT '逻辑删除',
  PRIMARY KEY (`id`),
  UNIQUE KEY `uk_type_code` (`dict_type`,`dict_code`),
  KEY `idx_dict_type` (`dict_type`),
  KEY `idx_deleted` (`deleted`)
) ENGINE=InnoDB AUTO_INCREMENT=100 DEFAULT CHARSET=utf8mb4 COLLATE=utf8mb4_unicode_ci COMMENT='数据字典表';
/*!40101 SET character_set_client = @saved_cs_client */;

--
-- Dumping data for table `sys_dict`
--

LOCK TABLES `sys_dict` WRITE;
/*!40000 ALTER TABLE `sys_dict` DISABLE KEYS */;
INSERT INTO `sys_dict` VALUES (1,'intention_level','LEVEL_A','A级(高意向)','1',1,1,'éžå¸¸æœ‰æ„å‘','2026-01-01 00:00:00','2026-04-22 15:45:48',0),(2,'intention_level','LEVEL_B','B级(中意向)','2',2,1,'æœ‰æ„å‘','2026-01-01 00:00:00','2026-04-22 15:45:48',0),(3,'intention_level','LEVEL_C','C级(低意向)','3',3,1,'è€ƒè™‘ä¸­','2026-01-01 00:00:00','2026-04-22 15:45:48',0),(4,'intention_level','LEVEL_D','D级(无意向)','4',4,1,'æš‚ä¸è€ƒè™‘','2026-01-01 00:00:00','2026-04-22 15:45:48',0),(5,'customer_status','STATUS_POTENTIAL','潜在客户','1',1,1,NULL,'2026-01-01 00:00:00','2026-04-22 15:45:48',0),(6,'customer_status','STATUS_NEGOTIATING','洽谈中','2',2,1,NULL,'2026-01-01 00:00:00','2026-04-22 15:45:48',0),(7,'customer_status','STATUS_SIGNED','已签约','3',3,1,NULL,'2026-01-01 00:00:00','2026-04-22 15:45:48',0),(8,'customer_status','STATUS_LOANED','已放款','4',4,1,NULL,'2026-01-01 00:00:00','2026-04-22 15:45:48',0),(9,'customer_status','STATUS_PUBLIC_SEA','公海客户','5',5,1,NULL,'2026-01-01 00:00:00','2026-04-22 15:45:48',0),(10,'customer_type','TYPE_PERSONAL','个人客户','1',1,1,NULL,'2026-01-01 00:00:00','2026-04-22 15:45:48',0),(11,'customer_type','TYPE_ENTERPRISE','企业客户','2',2,1,NULL,'2026-01-01 00:00:00','2026-04-22 15:45:48',0),(99,'customer_status','STATUS_DISABLED','å·²åœç”¨','99',99,0,'å·²åœç”¨çš„çŠ¶æ€','2026-01-01 00:00:00','2026-03-01 00:00:00',0);
/*!40000 ALTER TABLE `sys_dict` ENABLE KEYS */;
UNLOCK TABLES;

--
-- Table structure for table `sys_operation_log`
--

DROP TABLE IF EXISTS `sys_operation_log`;
/*!40101 SET @saved_cs_client     = @@character_set_client */;
/*!50503 SET character_set_client = utf8mb4 */;
CREATE TABLE `sys_operation_log` (
  `id` bigint NOT NULL AUTO_INCREMENT COMMENT '日志ID',
  `user_id` bigint NOT NULL COMMENT '操作用户ID',
  `username` varchar(50) COLLATE utf8mb4_unicode_ci NOT NULL COMMENT '操作用户名',
  `module` varchar(50) COLLATE utf8mb4_unicode_ci NOT NULL COMMENT '操作模块',
  `action` varchar(100) COLLATE utf8mb4_unicode_ci NOT NULL COMMENT '操作类型',
  `request_method` varchar(10) COLLATE utf8mb4_unicode_ci DEFAULT NULL COMMENT 'HTTP请求方法',
  `request_url` varchar(500) COLLATE utf8mb4_unicode_ci DEFAULT NULL COMMENT '请求URL',
  `request_params` text COLLATE utf8mb4_unicode_ci COMMENT '请求参数(JSON)',
  `response_code` varchar(20) COLLATE utf8mb4_unicode_ci DEFAULT NULL COMMENT '响应状态码',
  `error_msg` text COLLATE utf8mb4_unicode_ci COMMENT '错误信息',
  `ip` varchar(50) COLLATE utf8mb4_unicode_ci DEFAULT NULL COMMENT 'IP地址',
  `user_agent` varchar(500) COLLATE utf8mb4_unicode_ci DEFAULT NULL COMMENT 'UserAgent',
  `cost_time_ms` bigint DEFAULT NULL COMMENT '耗时(毫秒)',
  `created_at` datetime NOT NULL DEFAULT CURRENT_TIMESTAMP COMMENT '操作时间',
  PRIMARY KEY (`id`),
  KEY `idx_user_id` (`user_id`),
  KEY `idx_module` (`module`),
  KEY `idx_created_at` (`created_at`)
) ENGINE=InnoDB AUTO_INCREMENT=8 DEFAULT CHARSET=utf8mb4 COLLATE=utf8mb4_unicode_ci COMMENT='操作日志表';
/*!40101 SET character_set_client = @saved_cs_client */;

--
-- Dumping data for table `sys_operation_log`
--

LOCK TABLES `sys_operation_log` WRITE;
/*!40000 ALTER TABLE `sys_operation_log` DISABLE KEYS */;
INSERT INTO `sys_operation_log` VALUES (1,1,'admin','ç”¨æˆ·ç®¡ç†','ç”¨æˆ·ç™»å½•','POST','/api/sysUser/login','{\"username\":\"admin\"}','200',NULL,'127.0.0.1','Mozilla/5.0',150,'2026-04-14 08:00:00'),(2,2,'zhangsan','å®¢æˆ·ç®¡ç†','åˆ›å»ºå®¢æˆ·','POST','/api/customer','{\"name\":\"å¼ ä¸‰å…¬å¸\"}','200',NULL,'192.168.1.100','Mozilla/5.0',320,'2026-04-13 10:00:00'),(3,3,'lisi','åˆåŒç®¡ç†','ç­¾çº¦','POST','/api/contract','{\"contractNo\":\"HT20260413001\"}','200',NULL,'192.168.1.101','Mozilla/5.0',850,'2026-04-12 14:00:00'),(4,1,'admin','ç”¨æˆ·ç®¡ç†','åˆ é™¤ç”¨æˆ·','DELETE','/api/sysUser/999',NULL,'404','ç”¨æˆ·ä¸å­˜åœ¨','127.0.0.1','Mozilla/5.0',50,'2026-04-14 09:00:00'),(5,2,'zhangsan','å®¢æˆ·ç®¡ç†','åˆ›å»ºå®¢æˆ·','POST','/api/customer','{\"name\":\"é‡å¤å…¬å¸\"}','500','ç³»ç»Ÿå¼‚å¸¸: å®¢æˆ·å·²å­˜åœ¨','192.168.1.100','Mozilla/5.0',1200,'2026-04-13 11:00:00'),(6,1,'admin','æ•°æ®å¯¼å‡º','æ‰¹é‡å¯¼å‡º','GET','/api/customer/export','{\"dateFrom\":\"2025-01-01\",\"dateTo\":\"2026-04-14\"}','200',NULL,'127.0.0.1','Mozilla/5.0',35678,'2026-04-10 00:00:00'),(7,1,'admin','ç³»ç»Ÿ','CORSé¢„æ£€','OPTIONS','/api/sysUser/page',NULL,'200',NULL,'127.0.0.1','Mozilla/5.0',5,'2026-04-14 08:00:01');
/*!40000 ALTER TABLE `sys_operation_log` ENABLE KEYS */;
UNLOCK TABLES;

--
-- Table structure for table `sys_param`
--

DROP TABLE IF EXISTS `sys_param`;
/*!40101 SET @saved_cs_client     = @@character_set_client */;
/*!50503 SET character_set_client = utf8mb4 */;
CREATE TABLE `sys_param` (
  `id` bigint NOT NULL AUTO_INCREMENT COMMENT '参数ID',
  `param_key` varchar(100) COLLATE utf8mb4_unicode_ci NOT NULL COMMENT '参数键(唯一)',
  `param_value` text COLLATE utf8mb4_unicode_ci NOT NULL COMMENT '参数值',
  `param_type` varchar(50) COLLATE utf8mb4_unicode_ci DEFAULT NULL COMMENT '值类型: string/int/json/boolean',
  `param_group` varchar(50) COLLATE utf8mb4_unicode_ci DEFAULT NULL COMMENT '参数分组',
  `remark` varchar(200) COLLATE utf8mb4_unicode_ci DEFAULT NULL COMMENT '参数说明',
  `sort_order` int NOT NULL DEFAULT '0' COMMENT '显示顺序',
  `status` tinyint NOT NULL DEFAULT '1' COMMENT '状态: 1-启用 0-禁用',
  `created_by` bigint DEFAULT NULL COMMENT '创建人',
  `created_at` datetime NOT NULL DEFAULT CURRENT_TIMESTAMP COMMENT '创建时间',
  `updated_by` bigint DEFAULT NULL COMMENT '修改人',
  `updated_at` datetime NOT NULL DEFAULT CURRENT_TIMESTAMP ON UPDATE CURRENT_TIMESTAMP COMMENT '修改时间',
  `deleted` tinyint NOT NULL DEFAULT '0' COMMENT '逻辑删除',
  PRIMARY KEY (`id`),
  UNIQUE KEY `uk_param_key` (`param_key`),
  KEY `idx_param_group` (`param_group`),
  KEY `idx_deleted` (`deleted`)
) ENGINE=InnoDB AUTO_INCREMENT=13 DEFAULT CHARSET=utf8mb4 COLLATE=utf8mb4_unicode_ci COMMENT='系统参数表';
/*!40101 SET character_set_client = @saved_cs_client */;

--
-- Dumping data for table `sys_param`
--

LOCK TABLES `sys_param` WRITE;
/*!40000 ALTER TABLE `sys_param` DISABLE KEYS */;
INSERT INTO `sys_param` VALUES (1,'sys.max_login_retry','5','int','security','æœ€å¤§ç™»å½•å¤±è´¥é‡è¯•æ¬¡æ•°',1,1,1,'2026-01-01 00:00:00',NULL,'2026-01-01 00:00:00',0),(2,'sys.lock_duration_minutes','30','int','security','è´¦æˆ·é”å®šæ—¶é•¿(åˆ†é’Ÿ)',2,1,1,'2026-01-01 00:00:00',NULL,'2026-01-01 00:00:00',0),(3,'sys.session_timeout','7200','int','security','ä¼šè¯è¶…æ—¶æ—¶é—´(ç§’)',3,1,1,'2026-01-01 00:00:00',NULL,'2026-01-01 00:00:00',0),(4,'sys.company.name','NeoCCé‡‘èžç§‘æŠ€å…¬å¸','string','company','å…¬å¸åç§°',1,1,1,'2026-01-01 00:00:00',NULL,'2026-01-01 00:00:00',0),(5,'sys.pagination.default_size','15','int','pagination','é»˜è®¤åˆ†é¡µå¤§å°',1,1,1,'2026-01-01 00:00:00',NULL,'2026-01-01 00:00:00',0),(6,'sys.pagination.max_size','100','int','pagination','æœ€å¤§åˆ†é¡µå¤§å°',2,1,1,'2026-01-01 00:00:00',NULL,'2026-01-01 00:00:00',0),(7,'sys.supported.id_types','[\"èº«ä»½è¯\",\"æŠ¤ç…§\",\"è¥ä¸šæ‰§ç…§\"]','json','customer','æ”¯æŒçš„è¯ä»¶ç±»åž‹',1,1,1,'2026-01-01 00:00:00',NULL,'2026-01-01 00:00:00',0),(8,'sys.water_mark.enabled','true','boolean','security','æ˜¯å¦å¼€å¯æ°´å°',4,1,1,'2026-01-01 00:00:00',NULL,'2026-01-01 00:00:00',0),(9,'sys.min.amount','0.01','string','finance','æœ€å°é‡‘é¢',1,1,1,'2026-01-01 00:00:00',NULL,'2026-01-01 00:00:00',0),(10,'sys.max.amount','999999999999.99','string','finance','æœ€å¤§é‡‘é¢',2,1,1,'2026-01-01 00:00:00',NULL,'2026-01-01 00:00:00',0),(11,'sys.deprecated.param','do_not_use','string','deprecated','å·²åºŸå¼ƒå‚æ•°',99,0,1,'2026-01-01 00:00:00',NULL,'2026-03-01 00:00:00',0),(12,'sys.long.value.param','AAAAAAAAAAAAAAAAAAAAAAAAAAAAAAAAAAAAAAAAAAAAAAAAAAAAAAAAAAAAAAAAAAAAAAAAAAAAAAAAAAAAAAAAAAAAAAAAAAAAAAAAAAAAAAAAAAAAAAAAAAAAAAAAAAAAAAAAAAAAAAAAAAAAAAAAAAAAAAAAAAAAAAAAAAAAAAAAAAAAAAAAAAAAAAAAAAAAAAAAAAAAAAAAAAAAAAAAAAAAAAAAAAAAAAAAAAAAAAAAAAAAAAAAAAAAAAAAAAAAAAAAAAAAAAAAAAAAAAAAAAAAAAAAAAAAAAAAAAAAAAAAAAAAAAAAAAAAAAAAAAAAAAAAAAAAAAAAAAAAAAAAAAAAAAAAAAAAAAAAAAAAAAAAAAAAAAAAAAAAAAAAAAAAAAAAAAAAAAAAAAAAAAAAAAAAAAAAAAAAAAAAAAAAAAAAAAAAAAAAAAAAAAAAAAAAAAAAAAAAAAAAAAAAAAAAAAAAAAAAAAAAAAAAAAAAAAAAAAAAAAAAAAAAAAAAAAAAAAAAAAAAAAAAAAAAAAAAAAAAAAAAAAAAAAAAAAAAAAAAAAAAAAAAAAAAAAAAAAAAAAAAAAAAAAAAAAAAAAAAAAAAAAAAAAAAAAAAAAAAAAAAAAAAAAAAAAAAAAAAAAAAAAAAAAAAAAAAAAAAAAAAAAAAAAAAAAAAAAAAAAAAAAAAAAAAAAAAAAAAAAAAAAAAAAAAAAAAAAAAAAAAAAAAAAAAAAAAAAAAAAAAAAAAAAAAAAAAAAAAAAAAAAAAAAAAAAAAAAAAAAAAAAAAAAAAAAAAAAAAAAAAAAAAAAAAAAAAAAAAAAAAAAAAAAAAAAAAAAAAAAAAAAAAAAAAAAAAAAAAAAAAAAAAAAAAAAAAAAAAAAAAAAAAAAAAAAAAAAAAAAAAAAAAAAAAAAAAAAAAAAAAAAAAAAAAAAAAAAAAAAAAAAAAAAAAAAAAAAAAAAAAAAAAAAAAAAAAAAAAAAAAAAAAAAAAAAAAAAAAAAAAAAAAAAAAAAAAAAAAAAAAAAAAAAAAAAAAAAAAAAAAAAAAAAAAAAAAAAAAAAAAAAAAAAAAAAAAAAAAAAAAAAAAAAAAAAAAAAAAAAAAAAAAAAAAAAAAAAAAAAAAAAAAAAAAAAAAAAAAAAAAAAAAAAAAAAAAAAAAAAAAAAAAAAAAAAAAAAAAAAAAAAAAAAAAAAAAAAAAAAAAAAAAAAAAAAAAAAAAAAAAAAAAAAAAAAAAAAAAAAAAAAAAAAAAAAAAAAAAAAAAAAAAAAAAAAAAAAAAAAAAAAAAAAAAAAAAAAAAAAAAAAAAAAAAAAAAAAAAAAAAAAAAAAAAAAAAAAAAAAAAAAAAAAAAAAAAAAAAAAAAAAAAAAAAAAAAAAAAAAAAAAAAAAAAAAAAAAAAAAAAAAAAAAAAAAAAAAAAAAAAAAAAAAAAAAAAAAAAAAAAAAAAAAAAAAAAAAAAAAAAAAAAAAAAAAAAAAAAAAAAAAAAAAAAAAAAAAAAAAAAAAAAAAAAAAAAAAAAAAAAAAAAAAAAAAAAAAAAAAAAAAAAAAAAAAAAAAAAAAAAAAAAAAAAAAAAAAAAAAAAAAAAAAAAAAAAAAAAAAAAAAAAAAAAAAAAAAAAAAAAAAAAAAAAAAAAAAAAAAAA','string','boundary','è¶…é•¿å‚æ•°å€¼æµ‹è¯•',100,1,1,'2026-01-01 00:00:00',NULL,'2026-01-01 00:00:00',0);
/*!40000 ALTER TABLE `sys_param` ENABLE KEYS */;
UNLOCK TABLES;

--
-- Table structure for table `sys_zone`
--

DROP TABLE IF EXISTS `sys_zone`;
/*!40101 SET @saved_cs_client     = @@character_set_client */;
/*!50503 SET character_set_client = utf8mb4 */;
CREATE TABLE `sys_zone` (
  `id` bigint NOT NULL AUTO_INCREMENT COMMENT '战区ID',
  `zone_code` varchar(50) COLLATE utf8mb4_unicode_ci NOT NULL COMMENT '战区编码',
  `zone_name` varchar(100) COLLATE utf8mb4_unicode_ci NOT NULL COMMENT '战区名称',
  `director_id` bigint DEFAULT NULL COMMENT '销售总监用户ID',
  `sort_order` int NOT NULL DEFAULT '0' COMMENT '显示顺序',
  `status` tinyint NOT NULL DEFAULT '1' COMMENT '状态: 1-启用 0-禁用',
  `created_by` bigint DEFAULT NULL COMMENT '创建人',
  `created_at` datetime NOT NULL DEFAULT CURRENT_TIMESTAMP COMMENT '创建时间',
  `updated_by` bigint DEFAULT NULL COMMENT '修改人',
  `updated_at` datetime NOT NULL DEFAULT CURRENT_TIMESTAMP ON UPDATE CURRENT_TIMESTAMP COMMENT '修改时间',
  `deleted` tinyint NOT NULL DEFAULT '0' COMMENT '逻辑删除',
  PRIMARY KEY (`id`),
  UNIQUE KEY `uk_zone_code` (`zone_code`),
  KEY `idx_deleted` (`deleted`)
) ENGINE=InnoDB AUTO_INCREMENT=7 DEFAULT CHARSET=utf8mb4 COLLATE=utf8mb4_unicode_ci COMMENT='战区表';
/*!40101 SET character_set_client = @saved_cs_client */;

--
-- Dumping data for table `sys_zone`
--

LOCK TABLES `sys_zone` WRITE;
/*!40000 ALTER TABLE `sys_zone` DISABLE KEYS */;
INSERT INTO `sys_zone` VALUES (1,'ZONE_EAST','东部战区',4,1,1,1,'2026-01-01 00:00:00',NULL,'2026-04-22 15:45:48',0),(2,'ZONE_WEST','西部战区',5,2,1,1,'2026-01-01 00:00:00',NULL,'2026-04-22 15:45:48',0),(3,'ZONE_SOUTH','南部战区',NULL,3,1,1,'2026-01-10 00:00:00',NULL,'2026-04-22 15:45:48',0),(4,'ZONE_NORTH','北部战区',NULL,4,0,1,'2026-01-15 00:00:00',NULL,'2026-04-22 15:45:48',0),(5,'ZONE_MIN_SORT','最小排序战区',NULL,-2147483648,1,1,'2026-02-01 00:00:00',NULL,'2026-04-22 15:45:48',0),(6,'ZONE_MAX_SORT','最大排序战区',NULL,2147483647,1,1,'2026-02-01 00:00:00',NULL,'2026-04-22 15:45:48',0);
/*!40000 ALTER TABLE `sys_zone` ENABLE KEYS */;
UNLOCK TABLES;
/*!40103 SET TIME_ZONE=@OLD_TIME_ZONE */;

/*!40101 SET SQL_MODE=@OLD_SQL_MODE */;
/*!40014 SET FOREIGN_KEY_CHECKS=@OLD_FOREIGN_KEY_CHECKS */;
/*!40014 SET UNIQUE_CHECKS=@OLD_UNIQUE_CHECKS */;
/*!40101 SET CHARACTER_SET_CLIENT=@OLD_CHARACTER_SET_CLIENT */;
/*!40101 SET CHARACTER_SET_RESULTS=@OLD_CHARACTER_SET_RESULTS */;
/*!40101 SET COLLATION_CONNECTION=@OLD_COLLATION_CONNECTION */;
/*!40111 SET SQL_NOTES=@OLD_SQL_NOTES */;

-- Dump completed on 2026-04-22 16:29:32

-- ========================================
-- sales
-- ========================================
-- MySQL dump 10.13  Distrib 8.0.45, for Linux (aarch64)
--
-- Host: localhost    Database: dafuweng_sales
-- ------------------------------------------------------
-- Server version	8.0.45

/*!40101 SET @OLD_CHARACTER_SET_CLIENT=@@CHARACTER_SET_CLIENT */;
/*!40101 SET @OLD_CHARACTER_SET_RESULTS=@@CHARACTER_SET_RESULTS */;
/*!40101 SET @OLD_COLLATION_CONNECTION=@@COLLATION_CONNECTION */;
/*!50503 SET NAMES utf8mb4 */;
/*!40103 SET @OLD_TIME_ZONE=@@TIME_ZONE */;
/*!40103 SET TIME_ZONE='+00:00' */;
/*!40014 SET @OLD_UNIQUE_CHECKS=@@UNIQUE_CHECKS, UNIQUE_CHECKS=0 */;
/*!40014 SET @OLD_FOREIGN_KEY_CHECKS=@@FOREIGN_KEY_CHECKS, FOREIGN_KEY_CHECKS=0 */;
/*!40101 SET @OLD_SQL_MODE=@@SQL_MODE, SQL_MODE='NO_AUTO_VALUE_ON_ZERO' */;
/*!40111 SET @OLD_SQL_NOTES=@@SQL_NOTES, SQL_NOTES=0 */;

--
-- Table structure for table `contact_record`
--

DROP TABLE IF EXISTS `contact_record`;
/*!40101 SET @saved_cs_client     = @@character_set_client */;
/*!50503 SET character_set_client = utf8mb4 */;
CREATE TABLE `contact_record` (
  `id` bigint NOT NULL AUTO_INCREMENT COMMENT '洽谈记录ID',
  `customer_id` bigint NOT NULL COMMENT '客户ID',
  `sales_rep_id` bigint NOT NULL COMMENT '销售ID',
  `contact_type` tinyint NOT NULL COMMENT '联系类型: 1-电话 2-面谈 3-转介绍',
  `contact_date` datetime NOT NULL COMMENT '联系时间',
  `content` text COLLATE utf8mb4_unicode_ci NOT NULL COMMENT '洽谈内容',
  `intention_before` tinyint DEFAULT NULL COMMENT '联系前意向等级',
  `intention_after` tinyint DEFAULT NULL COMMENT '联系后意向等级',
  `follow_up_date` datetime DEFAULT NULL COMMENT '下次跟进日期',
  `attachment_urls` text COLLATE utf8mb4_unicode_ci COMMENT '附件URLs(JSON数组)',
  `created_by` bigint NOT NULL COMMENT '创建人',
  `created_at` datetime NOT NULL DEFAULT CURRENT_TIMESTAMP COMMENT '创建时间',
  `updated_by` bigint DEFAULT NULL COMMENT '修改人',
  `updated_at` datetime NOT NULL DEFAULT CURRENT_TIMESTAMP ON UPDATE CURRENT_TIMESTAMP COMMENT '修改时间',
  `deleted` tinyint NOT NULL DEFAULT '0' COMMENT '逻辑删除',
  PRIMARY KEY (`id`),
  KEY `idx_customer_id` (`customer_id`),
  KEY `idx_sales_rep_id` (`sales_rep_id`),
  KEY `idx_contact_date` (`contact_date`),
  KEY `idx_deleted` (`deleted`)
) ENGINE=InnoDB AUTO_INCREMENT=7 DEFAULT CHARSET=utf8mb4 COLLATE=utf8mb4_unicode_ci COMMENT='洽谈记录表';
/*!40101 SET character_set_client = @saved_cs_client */;

--
-- Dumping data for table `contact_record`
--

LOCK TABLES `contact_record` WRITE;
/*!40000 ALTER TABLE `contact_record` DISABLE KEYS */;
INSERT INTO `contact_record` VALUES (1,1,3,1,'2026-04-13 10:00:00','电话沟通，客户表示对经营贷有兴趣，需要50万流动资金，计划下月签约',2,1,'2026-04-20 10:00:00',NULL,3,'2026-04-13 10:30:00',NULL,'2026-04-22 15:54:12',0),(2,1,3,2,'2026-04-06 14:00:00','面谈，详细介绍了产品，客户当场表示认可',2,1,'2026-04-13 10:00:00','[\"/uploads/contact_1.jpg\"]',3,'2026-04-06 16:00:00',NULL,'2026-04-22 15:54:12',0),(3,2,3,1,'2026-04-10 15:00:00','初次电话，了解客户需求，推荐个人消费贷',3,2,'2026-04-17 15:00:00',NULL,3,'2026-04-10 15:30:00',NULL,'2026-04-22 15:54:12',0),(4,3,4,2,'2026-04-12 09:00:00','公司面谈，法人张总接待，有实际经营贷款需求，金额500万',2,1,'2026-04-19 09:00:00','[\"/uploads/business_license.jpg\",\"/uploads/financial_statement.pdf\"]',4,'2026-04-12 11:00:00',NULL,'2026-04-22 15:54:12',0),(5,5,3,1,'2026-01-01 10:00:00','客户表示暂时不需要',2,4,NULL,NULL,3,'2026-01-01 11:00:00',NULL,'2026-04-22 15:54:12',0),(6,7,3,2,'2026-04-08 09:00:00','测试超大数据金额客户',1,1,'2026-04-15 09:00:00',NULL,3,'2026-04-08 10:00:00',NULL,'2026-04-22 15:54:12',0);
/*!40000 ALTER TABLE `contact_record` ENABLE KEYS */;
UNLOCK TABLES;

--
-- Table structure for table `contract`
--

DROP TABLE IF EXISTS `contract`;
/*!40101 SET @saved_cs_client     = @@character_set_client */;
/*!50503 SET character_set_client = utf8mb4 */;
CREATE TABLE `contract` (
  `id` bigint NOT NULL AUTO_INCREMENT COMMENT '合同ID',
  `contract_no` varchar(50) COLLATE utf8mb4_unicode_ci NOT NULL COMMENT '合同编号(唯一)',
  `customer_id` bigint NOT NULL COMMENT '客户ID',
  `sales_rep_id` bigint NOT NULL COMMENT '负责销售ID',
  `dept_id` bigint NOT NULL COMMENT '所属部门ID',
  `zone_id` bigint NOT NULL COMMENT '所属战区',
  `product_id` bigint DEFAULT NULL COMMENT '金融产品ID(审核通过后填充)',
  `contract_amount` decimal(15,2) NOT NULL COMMENT '合同金额(贷款申请额)',
  `actual_loan_amount` decimal(15,2) DEFAULT NULL COMMENT '实际放款金额(银行放款后)',
  `service_fee_rate` decimal(6,4) NOT NULL COMMENT '服务费率',
  `service_fee_1` decimal(15,2) NOT NULL COMMENT '首期服务费',
  `service_fee_2` decimal(15,2) NOT NULL COMMENT '二期服务费(尾款)',
  `service_fee_1_paid` tinyint NOT NULL DEFAULT '0' COMMENT '首期是否已付: 0-否 1-是',
  `service_fee_2_paid` tinyint NOT NULL DEFAULT '0' COMMENT '二期是否已付: 0-否 1-是',
  `service_fee_1_pay_date` date DEFAULT NULL COMMENT '首期支付日期',
  `service_fee_2_pay_date` date DEFAULT NULL COMMENT '二期支付日期',
  `status` tinyint NOT NULL DEFAULT '1' COMMENT '状态: 1-草稿 2-已签署 3-已支付首期 4-审核中 5-已通过 6-已拒绝 7-已放款 8-已完成',
  `sign_date` date DEFAULT NULL COMMENT '签署日期',
  `paper_contract_no` varchar(100) COLLATE utf8mb4_unicode_ci DEFAULT NULL COMMENT '纸质合同编号',
  `finance_send_time` datetime DEFAULT NULL COMMENT '发送至金融部时间',
  `finance_receive_time` datetime DEFAULT NULL COMMENT '金融部接收时间',
  `loan_use` varchar(200) COLLATE utf8mb4_unicode_ci DEFAULT NULL COMMENT '贷款用途',
  `guarantee_info` text COLLATE utf8mb4_unicode_ci COMMENT '担保信息(JSON)',
  `reject_reason` varchar(500) COLLATE utf8mb4_unicode_ci DEFAULT NULL COMMENT '拒绝原因(合同被拒)',
  `remark` text COLLATE utf8mb4_unicode_ci COMMENT '备注',
  `created_by` bigint NOT NULL COMMENT '创建人',
  `created_at` datetime NOT NULL DEFAULT CURRENT_TIMESTAMP COMMENT '创建时间',
  `updated_by` bigint DEFAULT NULL COMMENT '修改人',
  `updated_at` datetime NOT NULL DEFAULT CURRENT_TIMESTAMP ON UPDATE CURRENT_TIMESTAMP COMMENT '修改时间',
  `deleted` tinyint NOT NULL DEFAULT '0' COMMENT '逻辑删除',
  `version` int NOT NULL DEFAULT '0' COMMENT '乐观锁',
  PRIMARY KEY (`id`),
  UNIQUE KEY `uk_contract_no` (`contract_no`),
  KEY `idx_customer_id` (`customer_id`),
  KEY `idx_sales_rep_id` (`sales_rep_id`),
  KEY `idx_dept_id` (`dept_id`),
  KEY `idx_product_id` (`product_id`),
  KEY `idx_status` (`status`),
  KEY `idx_sign_date` (`sign_date`),
  KEY `idx_deleted` (`deleted`)
) ENGINE=InnoDB AUTO_INCREMENT=2046843500181372930 DEFAULT CHARSET=utf8mb4 COLLATE=utf8mb4_unicode_ci COMMENT='贷款合同表';
/*!40101 SET character_set_client = @saved_cs_client */;

--
-- Dumping data for table `contract`
--

LOCK TABLES `contract` WRITE;
/*!40000 ALTER TABLE `contract` DISABLE KEYS */;
INSERT INTO `contract` VALUES (1,'HT20260412001',1,3,2,1,1,500000.00,500000.00,0.0300,15000.00,5000.00,1,0,'2026-04-12',NULL,4,'2026-04-12','P20260412001','2026-04-13 09:00:00',NULL,'流动资金周转',NULL,NULL,'å®¢æˆ·èµ„è´¨è‰¯å¥½',3,'2026-04-12 18:00:00',NULL,'2026-04-22 15:45:48',0,1),(2,'HT20260301001',8,4,2,1,2,800000.00,780000.00,0.0250,20000.00,8000.00,1,1,'2026-03-01','2026-03-20',7,'2026-03-01','P20260301001','2026-03-02 10:00:00','2026-03-02 14:00:00','设备采购','{\"type\":\"æˆ¿äº§æŠµæŠ¼\",\"value\":1500000}',NULL,NULL,4,'2026-03-01 17:00:00',NULL,'2026-04-22 15:45:48',0,2),(3,'HT20260408001',6,3,2,1,1,0.01,NULL,0.0300,0.00,0.00,0,0,NULL,NULL,2,'2026-04-08','P20260408001',NULL,NULL,'测试',NULL,NULL,'è¾¹ç•Œé‡‘é¢æµ‹è¯•',3,'2026-04-08 10:00:00',NULL,'2026-04-22 15:45:48',0,1),(4,'HT20260410001',2,3,2,1,1,300000.00,NULL,0.0300,9000.00,3000.00,0,0,NULL,NULL,3,'2026-04-10','P20260410001',NULL,NULL,'个人消费',NULL,NULL,NULL,3,'2026-04-10 15:00:00',NULL,'2026-04-22 15:45:48',0,1),(5,'HT20260405001',9,3,2,1,1,500000.00,NULL,0.0300,0.00,0.00,0,0,NULL,NULL,6,'2026-04-05',NULL,NULL,NULL,'未知',NULL,'资质不符合要求：信用记录不良','å®¢æˆ·æœ‰é€¾æœŸè®°å½•',3,'2026-04-05 11:00:00',NULL,'2026-04-22 15:56:58',0,1),(6,'HT20260115001',3,4,2,1,2,5000000.00,4850000.00,0.0200,100000.00,40000.00,1,1,'2026-01-15','2026-02-10',8,'2026-01-15','P20260115001','2026-01-16 10:00:00','2026-01-16 14:00:00','æ‰©å¤§ç»è¥','{\"type\":\"æ‹…ä¿äºº\",\"name\":\"çŽ‹ä¿è¯\"}',NULL,'4',0,'2026-01-15 16:00:00',NULL,'2026-04-01 00:00:00',0,3),(2046843500181372929,'HT-20260422-0001',1,3,2,1,1,100000.00,NULL,0.0300,3000.00,1000.00,0,0,NULL,NULL,1,NULL,NULL,NULL,NULL,NULL,NULL,NULL,'测试自动生成业绩',3,'2026-04-22 14:48:13',NULL,'2026-04-22 14:48:43',0,0);
/*!40000 ALTER TABLE `contract` ENABLE KEYS */;
UNLOCK TABLES;

--
-- Table structure for table `contract_attachment`
--

DROP TABLE IF EXISTS `contract_attachment`;
/*!40101 SET @saved_cs_client     = @@character_set_client */;
/*!50503 SET character_set_client = utf8mb4 */;
CREATE TABLE `contract_attachment` (
  `id` bigint NOT NULL AUTO_INCREMENT COMMENT '附件ID',
  `contract_id` bigint NOT NULL COMMENT '合同ID',
  `attachment_type` varchar(50) COLLATE utf8mb4_unicode_ci NOT NULL COMMENT '附件类型: business_license/id_card/other',
  `file_url` varchar(500) COLLATE utf8mb4_unicode_ci NOT NULL COMMENT '文件访问URL',
  `file_name` varchar(200) COLLATE utf8mb4_unicode_ci NOT NULL COMMENT '原始文件名',
  `file_size` bigint DEFAULT NULL COMMENT '文件大小(字节)',
  `file_md5` varchar(32) COLLATE utf8mb4_unicode_ci DEFAULT NULL COMMENT '文件MD5(防篡改)',
  `upload_by` bigint DEFAULT NULL COMMENT '上传人ID',
  `upload_time` datetime NOT NULL DEFAULT CURRENT_TIMESTAMP COMMENT '上传时间',
  `deleted` tinyint NOT NULL DEFAULT '0' COMMENT '逻辑删除',
  PRIMARY KEY (`id`),
  KEY `idx_contract_id` (`contract_id`),
  KEY `idx_deleted` (`deleted`)
) ENGINE=InnoDB AUTO_INCREMENT=6 DEFAULT CHARSET=utf8mb4 COLLATE=utf8mb4_unicode_ci COMMENT='合同附件表';
/*!40101 SET character_set_client = @saved_cs_client */;

--
-- Dumping data for table `contract_attachment`
--

LOCK TABLES `contract_attachment` WRITE;
/*!40000 ALTER TABLE `contract_attachment` DISABLE KEYS */;
INSERT INTO `contract_attachment` VALUES (1,1,'id_card','/uploads/contract/1/id_card_front.jpg','èº«ä»½è¯æ­£é¢.jpg',1024000,'d41d8cd98f00b204e9800998ecf8427e',3,'2026-04-12 10:00:00',0),(2,1,'id_card','/uploads/contract/1/id_card_back.jpg','èº«ä»½è¯åé¢.jpg',980000,'a3c5d2e1f0099cbb9a6c9d8e7f601234',3,'2026-04-12 10:05:00',0),(3,2,'business_license','/uploads/contract/2/bl.jpg','è¥ä¸šæ‰§ç…§.jpg',2048000,'b3f7a2e5d8888cc99aa1122334455667',4,'2026-03-01 11:00:00',0),(4,2,'other','/uploads/contract/2/guarantee.pdf','æ‹…ä¿è¯æ˜Ž.pdf',512000,'c4d8e3f6a9990bb1aa22334455667788',4,'2026-03-01 11:15:00',0),(5,6,'other','/uploads/contract/6/financial_statement.pdf','è´¢åŠ¡æŠ¥è¡¨.pdf',10485760,'f5e9b7c4a3321d0e9a8b7c6d5e4f3012',4,'2026-01-15 12:00:00',0);
/*!40000 ALTER TABLE `contract_attachment` ENABLE KEYS */;
UNLOCK TABLES;

--
-- Table structure for table `customer`
--

DROP TABLE IF EXISTS `customer`;
/*!40101 SET @saved_cs_client     = @@character_set_client */;
/*!50503 SET character_set_client = utf8mb4 */;
CREATE TABLE `customer` (
  `id` bigint NOT NULL AUTO_INCREMENT COMMENT '客户ID',
  `name` varchar(100) COLLATE utf8mb4_unicode_ci NOT NULL COMMENT '客户姓名/名称',
  `phone` varchar(20) COLLATE utf8mb4_unicode_ci NOT NULL COMMENT '手机号',
  `id_card` varchar(20) COLLATE utf8mb4_unicode_ci DEFAULT NULL COMMENT '身份证号',
  `company_name` varchar(200) COLLATE utf8mb4_unicode_ci DEFAULT NULL COMMENT '企业名称(企业客户)',
  `company_legal_person` varchar(100) COLLATE utf8mb4_unicode_ci DEFAULT NULL COMMENT '企业法人',
  `company_reg_capital` decimal(15,2) DEFAULT NULL COMMENT '企业注册资本',
  `customer_type` tinyint NOT NULL DEFAULT '1' COMMENT '客户类型: 1-个人 2-企业',
  `sales_rep_id` bigint NOT NULL COMMENT '负责销售ID',
  `dept_id` bigint NOT NULL COMMENT '所属部门ID',
  `zone_id` bigint NOT NULL COMMENT '所属战区ID',
  `intention_level` tinyint NOT NULL DEFAULT '3' COMMENT '意向等级: 1-A 2-B 3-C 4-D',
  `status` tinyint NOT NULL DEFAULT '1' COMMENT '状态: 1-潜在 2-洽谈中 3-已签约 4-已放款 5-公海',
  `last_contact_date` datetime DEFAULT NULL COMMENT '最后联系日期',
  `next_follow_up_date` datetime DEFAULT NULL COMMENT '下次跟进日期',
  `public_sea_time` datetime DEFAULT NULL COMMENT '进入公海时间',
  `public_sea_reason` varchar(200) COLLATE utf8mb4_unicode_ci DEFAULT NULL COMMENT '入公海原因',
  `annotation` text COLLATE utf8mb4_unicode_ci COMMENT '批注(JSON: [{userId, content, time}])',
  `source` varchar(50) COLLATE utf8mb4_unicode_ci DEFAULT NULL COMMENT '客户来源: phone_call/referral/other',
  `loan_intention_amount` decimal(15,2) DEFAULT NULL COMMENT '贷款意向金额',
  `loan_intention_product` varchar(100) COLLATE utf8mb4_unicode_ci DEFAULT NULL COMMENT '意向产品',
  `created_by` bigint NOT NULL COMMENT '创建人(录入销售)',
  `created_at` datetime NOT NULL DEFAULT CURRENT_TIMESTAMP COMMENT '创建时间',
  `updated_by` bigint DEFAULT NULL COMMENT '修改人',
  `updated_at` datetime NOT NULL DEFAULT CURRENT_TIMESTAMP ON UPDATE CURRENT_TIMESTAMP COMMENT '修改时间',
  `deleted` tinyint NOT NULL DEFAULT '0' COMMENT '逻辑删除',
  `version` int NOT NULL DEFAULT '0' COMMENT '乐观锁',
  PRIMARY KEY (`id`),
  UNIQUE KEY `uk_name_phone` (`name`,`phone`,`deleted`),
  KEY `idx_sales_rep_id` (`sales_rep_id`),
  KEY `idx_dept_id` (`dept_id`),
  KEY `idx_zone_id` (`zone_id`),
  KEY `idx_status` (`status`),
  KEY `idx_intention_level` (`intention_level`),
  KEY `idx_public_sea_time` (`public_sea_time`),
  KEY `idx_deleted` (`deleted`),
  KEY `idx_last_contact_date` (`last_contact_date`)
) ENGINE=InnoDB AUTO_INCREMENT=11 DEFAULT CHARSET=utf8mb4 COLLATE=utf8mb4_unicode_ci COMMENT='客户表';
/*!40101 SET character_set_client = @saved_cs_client */;

--
-- Dumping data for table `customer`
--

LOCK TABLES `customer` WRITE;
/*!40000 ALTER TABLE `customer` DISABLE KEYS */;
INSERT INTO `customer` VALUES (1,'陈小明','13900001001','110101199001011234',NULL,NULL,NULL,1,3,2,1,1,2,'2026-04-13 10:00:00','2026-04-20 10:00:00',NULL,NULL,'{\"remark\":\"é«˜æ„å‘ä¸ªäººå®¢æˆ·\"}','电话营销',500000.00,'企业经营贷',3,'2026-03-01 09:00:00',NULL,'2026-04-22 15:45:47',0,1),(2,'李大国','13900001002','110101199002022345',NULL,NULL,NULL,1,3,2,1,2,3,'2026-04-10 15:00:00','2026-04-17 15:00:00',NULL,NULL,NULL,'朋友推荐',300000.00,'个人消费贷',3,'2026-03-05 14:00:00',NULL,'2026-04-22 15:45:47',0,1),(3,'深圳市某某科技有限公司','13900001003','91440300MA5DG8K123','张法人','10000000.00',2.00,4,2,4,1,1,4,'2026-04-12 09:00:00','2026-04-19 09:00:00',NULL,NULL,'{\"industry\":\"ç§‘æŠ€\",\"employeeCount\":50}','展会获客',5000000.00,'企业经营贷',4,'2026-02-15 10:00:00',NULL,'2026-04-22 15:45:47',0,1),(4,'广州某某贸易公司','13900001004','91440101MA5CK7L456','刘法人','5000000.00',2.00,4,2,5,2,2,2,'2026-04-11 11:00:00','2026-04-25 11:00:00',NULL,NULL,NULL,'网络推广',2000000.00,'供应链金融',4,'2026-03-10 08:00:00',NULL,'2026-04-22 15:45:47',0,1),(5,'周超','13900001005','110101199003033456',NULL,NULL,NULL,1,3,2,1,3,5,'2026-01-01 00:00:00',NULL,'2026-04-01 00:00:00','è¶…è¿‡90å¤©æœªè·Ÿè¿›',NULL,'渠道不明',100000.00,NULL,3,'2025-06-01 00:00:00',NULL,'2026-04-22 15:45:47',0,1),(6,'边界测试_最小金额','13900001006','110101199004044567',NULL,NULL,NULL,1,3,2,1,1,1,'2026-04-09 00:00:00','2026-04-16 00:00:00',NULL,NULL,NULL,'测试',0.01,'测试产品',3,'2026-04-09 00:00:00',NULL,'2026-04-22 15:45:47',0,1),(7,'边界测试_最大金额','13900001007','110101199005055678',NULL,NULL,NULL,1,3,2,1,1,1,'2026-04-08 00:00:00','2026-04-15 00:00:00',NULL,NULL,NULL,'测试',9999999999.99,'测试产品',3,'2026-04-08 00:00:00',NULL,'2026-04-22 15:45:47',0,1),(8,'已放款客户','13900001008','110101199006066789',NULL,NULL,NULL,1,4,2,1,4,4,'2026-03-01 00:00:00',NULL,NULL,NULL,NULL,'老客户复借',800000.00,'企业经营贷',4,'2025-12-01 00:00:00',NULL,'2026-04-22 15:45:47',0,1),(9,'无负责人客户','13900001009','110101199007077890',NULL,NULL,NULL,1,3,2,1,2,1,'2026-04-05 00:00:00','2026-04-12 00:00:00',NULL,NULL,NULL,'自然到店',500000.00,'个人消费贷',3,'2026-04-05 00:00:00',NULL,'2026-04-22 15:45:48',0,1),(10,'旧版身份证客户','13900001010','110101900101123',NULL,NULL,NULL,1,3,2,1,1,1,'2026-04-01 00:00:00','2026-04-08 00:00:00',NULL,NULL,NULL,'测试',100000.00,'测试',3,'2026-04-01 00:00:00',NULL,'2026-04-22 15:45:48',0,1);
/*!40000 ALTER TABLE `customer` ENABLE KEYS */;
UNLOCK TABLES;

--
-- Table structure for table `customer_transfer_log`
--

DROP TABLE IF EXISTS `customer_transfer_log`;
/*!40101 SET @saved_cs_client     = @@character_set_client */;
/*!50503 SET character_set_client = utf8mb4 */;
CREATE TABLE `customer_transfer_log` (
  `id` bigint NOT NULL AUTO_INCREMENT COMMENT '转移记录ID',
  `customer_id` bigint NOT NULL COMMENT '客户ID',
  `from_rep_id` bigint NOT NULL COMMENT '转出销售ID',
  `to_rep_id` bigint NOT NULL COMMENT '转入销售ID',
  `operate_type` varchar(50) COLLATE utf8mb4_unicode_ci NOT NULL COMMENT '操作类型: dept_manager_transfer/public_sea_claim/manager_assign',
  `reason` varchar(200) COLLATE utf8mb4_unicode_ci DEFAULT NULL COMMENT '转移原因',
  `operated_by` bigint NOT NULL COMMENT '操作人ID',
  `operated_at` datetime NOT NULL DEFAULT CURRENT_TIMESTAMP COMMENT '操作时间',
  `deleted` tinyint NOT NULL DEFAULT '0' COMMENT '逻辑删除',
  PRIMARY KEY (`id`),
  KEY `idx_customer_id` (`customer_id`),
  KEY `idx_from_rep_id` (`from_rep_id`),
  KEY `idx_to_rep_id` (`to_rep_id`),
  KEY `idx_operated_at` (`operated_at`)
) ENGINE=InnoDB AUTO_INCREMENT=4 DEFAULT CHARSET=utf8mb4 COLLATE=utf8mb4_unicode_ci COMMENT='客户转移记录表';
/*!40101 SET character_set_client = @saved_cs_client */;

--
-- Dumping data for table `customer_transfer_log`
--

LOCK TABLES `customer_transfer_log` WRITE;
/*!40000 ALTER TABLE `customer_transfer_log` DISABLE KEYS */;
INSERT INTO `customer_transfer_log` VALUES (1,5,3,0,'公海流入','超期未跟进，自动流入公海',2,'2026-04-01 00:00:00',0),(2,9,0,3,'经理分配','经理分配',2,'2026-04-05 09:00:00',0),(3,3,3,4,'部门调配','工作调整',2,'2026-03-01 10:00:00',0);
/*!40000 ALTER TABLE `customer_transfer_log` ENABLE KEYS */;
UNLOCK TABLES;

--
-- Table structure for table `performance_record`
--

DROP TABLE IF EXISTS `performance_record`;
/*!40101 SET @saved_cs_client     = @@character_set_client */;
/*!50503 SET character_set_client = utf8mb4 */;
CREATE TABLE `performance_record` (
  `id` bigint NOT NULL AUTO_INCREMENT COMMENT '业绩记录ID',
  `contract_id` bigint NOT NULL COMMENT '关联合同ID',
  `sales_rep_id` bigint NOT NULL COMMENT '销售ID',
  `dept_id` bigint NOT NULL COMMENT '部门ID',
  `zone_id` bigint DEFAULT NULL COMMENT '战区ID',
  `contract_amount` decimal(15,2) NOT NULL COMMENT '合同金额',
  `commission_rate` decimal(6,4) NOT NULL COMMENT '提成比例',
  `commission_amount` decimal(15,2) NOT NULL COMMENT '提成金额',
  `status` tinyint NOT NULL DEFAULT '1' COMMENT '状态: 1-计算中 2-已确认 3-已发放 4-已取消',
  `calculate_time` datetime NOT NULL DEFAULT CURRENT_TIMESTAMP COMMENT '计算时间',
  `confirm_time` datetime DEFAULT NULL COMMENT '确认时间',
  `grant_time` datetime DEFAULT NULL COMMENT '发放时间',
  `cancel_reason` varchar(200) COLLATE utf8mb4_unicode_ci DEFAULT NULL COMMENT '取消原因',
  `remark` text COLLATE utf8mb4_unicode_ci COMMENT '备注',
  `created_by` bigint DEFAULT NULL COMMENT '创建人',
  `created_at` datetime NOT NULL DEFAULT CURRENT_TIMESTAMP COMMENT '创建时间',
  `updated_by` bigint DEFAULT NULL COMMENT '修改人',
  `updated_at` datetime NOT NULL DEFAULT CURRENT_TIMESTAMP ON UPDATE CURRENT_TIMESTAMP COMMENT '修改时间',
  `deleted` tinyint NOT NULL DEFAULT '0' COMMENT '逻辑删除',
  PRIMARY KEY (`id`),
  UNIQUE KEY `uk_contract_id` (`contract_id`),
  KEY `idx_sales_rep_id` (`sales_rep_id`),
  KEY `idx_dept_id` (`dept_id`),
  KEY `idx_zone_id` (`zone_id`),
  KEY `idx_status` (`status`),
  KEY `idx_deleted` (`deleted`)
) ENGINE=InnoDB AUTO_INCREMENT=6 DEFAULT CHARSET=utf8mb4 COLLATE=utf8mb4_unicode_ci COMMENT='业绩记录表';
/*!40101 SET character_set_client = @saved_cs_client */;

--
-- Dumping data for table `performance_record`
--

LOCK TABLES `performance_record` WRITE;
/*!40000 ALTER TABLE `performance_record` DISABLE KEYS */;
INSERT INTO `performance_record` VALUES (1,2,4,2,1,800000.00,0.0150,12000.00,2,'2026-03-05 10:00:00','2026-04-22 14:54:15','2026-03-15 16:00:00',NULL,NULL,1,'2026-03-05 10:00:00',NULL,'2026-04-22 14:54:15',0),(2,6,4,2,1,5000000.00,0.0120,60000.00,2,'2026-01-20 10:00:00','2026-04-22 14:54:15','2026-02-01 15:00:00',NULL,'å¤§é¢åˆåŒå¥–åŠ±',1,'2026-01-20 10:00:00',NULL,'2026-04-22 14:54:15',0),(3,1,3,2,1,500000.00,0.0150,7500.00,1,'2026-04-13 10:00:00',NULL,NULL,NULL,'å¾…è´¢åŠ¡ç¡®è®¤',1,'2026-04-13 10:00:00',NULL,'2026-04-13 10:00:00',0),(4,5,3,2,1,500000.00,0.0150,0.00,4,'2026-04-06 10:00:00',NULL,NULL,'合同被拒，取消业绩','åˆåŒæœªé€šè¿‡å®¡æ ¸',1,'2026-04-06 10:00:00',NULL,'2026-04-22 15:54:12',0),(5,2046843500181372929,3,2,1,100000.00,0.1000,10000.00,2,'2026-04-22 14:49:21','2026-04-22 06:54:39',NULL,NULL,NULL,NULL,'2026-04-22 14:49:21',NULL,'2026-04-22 14:49:21',0);
/*!40000 ALTER TABLE `performance_record` ENABLE KEYS */;
UNLOCK TABLES;

--
-- Table structure for table `work_log`
--

DROP TABLE IF EXISTS `work_log`;
/*!40101 SET @saved_cs_client     = @@character_set_client */;
/*!50503 SET character_set_client = utf8mb4 */;
CREATE TABLE `work_log` (
  `id` bigint NOT NULL AUTO_INCREMENT COMMENT '工作日志ID',
  `sales_rep_id` bigint NOT NULL COMMENT '销售ID',
  `log_date` date NOT NULL COMMENT '日志日期',
  `calls_made` int NOT NULL DEFAULT '0' COMMENT '打电话数',
  `effective_calls` int NOT NULL DEFAULT '0' COMMENT '有效电话数',
  `new_intentions` int NOT NULL DEFAULT '0' COMMENT '新增意向客户数',
  `intention_clients` int NOT NULL DEFAULT '0' COMMENT '跟进意向客户数',
  `face_to_face_clients` int NOT NULL DEFAULT '0' COMMENT '面谈客户数',
  `signed_contracts` int NOT NULL DEFAULT '0' COMMENT '签约合同数',
  `content` text COLLATE utf8mb4_unicode_ci COMMENT '工作内容备注',
  `created_at` datetime NOT NULL DEFAULT CURRENT_TIMESTAMP COMMENT '创建时间',
  `updated_at` datetime NOT NULL DEFAULT CURRENT_TIMESTAMP ON UPDATE CURRENT_TIMESTAMP COMMENT '修改时间',
  `deleted` tinyint NOT NULL DEFAULT '0' COMMENT '逻辑删除',
  PRIMARY KEY (`id`),
  UNIQUE KEY `uk_rep_date` (`sales_rep_id`,`log_date`),
  KEY `idx_sales_rep_id` (`sales_rep_id`),
  KEY `idx_log_date` (`log_date`)
) ENGINE=InnoDB AUTO_INCREMENT=6 DEFAULT CHARSET=utf8mb4 COLLATE=utf8mb4_unicode_ci COMMENT='销售工作日志表';
/*!40101 SET character_set_client = @saved_cs_client */;

--
-- Dumping data for table `work_log`
--

LOCK TABLES `work_log` WRITE;
/*!40000 ALTER TABLE `work_log` DISABLE KEYS */;
INSERT INTO `work_log` VALUES (1,3,'2026-04-13',50,30,5,10,3,0,'今日主要跟进高意向客户，准备下周签约','2026-04-13 18:00:00','2026-04-22 15:54:12',0),(2,3,'2026-04-12',45,28,3,8,2,1,'签约1个合同，意向客户持续跟进中','2026-04-12 18:00:00','2026-04-22 15:54:12',0),(3,4,'2026-04-13',40,25,2,6,1,0,'企业客户面谈，效果良好','2026-04-13 18:00:00','2026-04-22 15:54:12',0),(4,5,'2026-04-01',0,0,0,0,0,0,'休息日，无工作','2026-04-01 18:00:00','2026-04-22 15:54:12',0),(5,3,'2026-03-15',999,500,50,100,30,5,'集中外呼活动，数据爆表','2026-03-15 20:00:00','2026-04-22 15:54:12',0);
/*!40000 ALTER TABLE `work_log` ENABLE KEYS */;
UNLOCK TABLES;
/*!40103 SET TIME_ZONE=@OLD_TIME_ZONE */;

/*!40101 SET SQL_MODE=@OLD_SQL_MODE */;
/*!40014 SET FOREIGN_KEY_CHECKS=@OLD_FOREIGN_KEY_CHECKS */;
/*!40014 SET UNIQUE_CHECKS=@OLD_UNIQUE_CHECKS */;
/*!40101 SET CHARACTER_SET_CLIENT=@OLD_CHARACTER_SET_CLIENT */;
/*!40101 SET CHARACTER_SET_RESULTS=@OLD_CHARACTER_SET_RESULTS */;
/*!40101 SET COLLATION_CONNECTION=@OLD_COLLATION_CONNECTION */;
/*!40111 SET SQL_NOTES=@OLD_SQL_NOTES */;

-- Dump completed on 2026-04-22 16:29:32

-- ========================================
-- finance
-- ========================================
-- MySQL dump 10.13  Distrib 8.0.45, for Linux (aarch64)
--
-- Host: localhost    Database: dafuweng_finance
-- ------------------------------------------------------
-- Server version	8.0.45

/*!40101 SET @OLD_CHARACTER_SET_CLIENT=@@CHARACTER_SET_CLIENT */;
/*!40101 SET @OLD_CHARACTER_SET_RESULTS=@@CHARACTER_SET_RESULTS */;
/*!40101 SET @OLD_COLLATION_CONNECTION=@@COLLATION_CONNECTION */;
/*!50503 SET NAMES utf8mb4 */;
/*!40103 SET @OLD_TIME_ZONE=@@TIME_ZONE */;
/*!40103 SET TIME_ZONE='+00:00' */;
/*!40014 SET @OLD_UNIQUE_CHECKS=@@UNIQUE_CHECKS, UNIQUE_CHECKS=0 */;
/*!40014 SET @OLD_FOREIGN_KEY_CHECKS=@@FOREIGN_KEY_CHECKS, FOREIGN_KEY_CHECKS=0 */;
/*!40101 SET @OLD_SQL_MODE=@@SQL_MODE, SQL_MODE='NO_AUTO_VALUE_ON_ZERO' */;
/*!40111 SET @OLD_SQL_NOTES=@@SQL_NOTES, SQL_NOTES=0 */;

--
-- Table structure for table `bank`
--

DROP TABLE IF EXISTS `bank`;
/*!40101 SET @saved_cs_client     = @@character_set_client */;
/*!50503 SET character_set_client = utf8mb4 */;
CREATE TABLE `bank` (
  `id` bigint NOT NULL AUTO_INCREMENT COMMENT '银行ID',
  `bank_code` varchar(50) COLLATE utf8mb4_unicode_ci NOT NULL COMMENT '银行编码',
  `bank_name` varchar(100) COLLATE utf8mb4_unicode_ci NOT NULL COMMENT '银行名称',
  `bank_branch` varchar(200) COLLATE utf8mb4_unicode_ci DEFAULT NULL COMMENT '开户支行',
  `contact_person` varchar(50) COLLATE utf8mb4_unicode_ci DEFAULT NULL COMMENT '联系人',
  `contact_phone` varchar(20) COLLATE utf8mb4_unicode_ci DEFAULT NULL COMMENT '联系电话',
  `status` tinyint NOT NULL DEFAULT '1' COMMENT '状态: 1-合作中 0-暂停',
  `sort_order` int NOT NULL DEFAULT '0' COMMENT '显示顺序',
  `created_by` bigint DEFAULT NULL COMMENT '创建人',
  `created_at` datetime NOT NULL DEFAULT CURRENT_TIMESTAMP COMMENT '创建时间',
  `updated_by` bigint DEFAULT NULL COMMENT '修改人',
  `updated_at` datetime NOT NULL DEFAULT CURRENT_TIMESTAMP ON UPDATE CURRENT_TIMESTAMP COMMENT '修改时间',
  `deleted` tinyint NOT NULL DEFAULT '0' COMMENT '逻辑删除',
  PRIMARY KEY (`id`),
  UNIQUE KEY `uk_bank_code` (`bank_code`),
  KEY `idx_deleted` (`deleted`)
) ENGINE=InnoDB AUTO_INCREMENT=6 DEFAULT CHARSET=utf8mb4 COLLATE=utf8mb4_unicode_ci COMMENT='合作银行表';
/*!40101 SET character_set_client = @saved_cs_client */;

--
-- Dumping data for table `bank`
--

LOCK TABLES `bank` WRITE;
/*!40000 ALTER TABLE `bank` DISABLE KEYS */;
INSERT INTO `bank` VALUES (1,'ICBC','中国工商银行','深圳南山支行','陈经理','13800138001',1,1,1,'2026-01-01 00:00:00',NULL,'2026-04-22 15:46:56',0),(2,'CCB','中国建设银行','广州天河支行','李经理','13800138002',1,2,1,'2026-01-01 00:00:00',NULL,'2026-04-22 15:46:56',0),(3,'ABC','中国农业银行','北京朝阳支行','王经理','13800138003',1,3,1,'2026-01-01 00:00:00',NULL,'2026-04-22 15:46:56',0),(4,'BOC','中国银行','上海浦东支行','张经理','13800138004',1,4,1,'2026-01-01 00:00:00',NULL,'2026-04-22 15:46:56',0),(5,'COMMUNITY_BANK','某农村信用社','广州分行','刘主任','13800138005',0,99,1,'2026-02-01 00:00:00',NULL,'2026-04-22 15:46:56',0);
/*!40000 ALTER TABLE `bank` ENABLE KEYS */;
UNLOCK TABLES;

--
-- Table structure for table `commission_record`
--

DROP TABLE IF EXISTS `commission_record`;
/*!40101 SET @saved_cs_client     = @@character_set_client */;
/*!50503 SET character_set_client = utf8mb4 */;
CREATE TABLE `commission_record` (
  `id` bigint NOT NULL AUTO_INCREMENT COMMENT '提成记录ID',
  `performance_id` bigint NOT NULL COMMENT '业绩记录ID',
  `sales_rep_id` bigint NOT NULL COMMENT '销售ID',
  `contract_id` bigint NOT NULL COMMENT '合同ID',
  `commission_amount` decimal(15,2) NOT NULL COMMENT '提成金额',
  `commission_rate` decimal(6,4) NOT NULL COMMENT '提成比例',
  `status` tinyint NOT NULL DEFAULT '1' COMMENT '状态: 1-待确认 2-已确认 3-已发放',
  `confirm_time` datetime DEFAULT NULL COMMENT '确认时间',
  `grant_time` datetime DEFAULT NULL COMMENT '发放时间',
  `grant_account` varchar(100) COLLATE utf8mb4_unicode_ci DEFAULT NULL COMMENT '发放账户',
  `remark` varchar(500) COLLATE utf8mb4_unicode_ci DEFAULT NULL COMMENT '备注',
  `created_at` datetime NOT NULL DEFAULT CURRENT_TIMESTAMP COMMENT '创建时间',
  `updated_at` datetime NOT NULL DEFAULT CURRENT_TIMESTAMP ON UPDATE CURRENT_TIMESTAMP COMMENT '修改时间',
  `deleted` tinyint NOT NULL DEFAULT '0' COMMENT '逻辑删除',
  PRIMARY KEY (`id`),
  KEY `idx_performance_id` (`performance_id`),
  KEY `idx_sales_rep_id` (`sales_rep_id`),
  KEY `idx_contract_id` (`contract_id`),
  KEY `idx_status` (`status`),
  KEY `idx_deleted` (`deleted`)
) ENGINE=InnoDB AUTO_INCREMENT=5 DEFAULT CHARSET=utf8mb4 COLLATE=utf8mb4_unicode_ci COMMENT='提成发放记录表';
/*!40101 SET character_set_client = @saved_cs_client */;

--
-- Dumping data for table `commission_record`
--

LOCK TABLES `commission_record` WRITE;
/*!40000 ALTER TABLE `commission_record` DISABLE KEYS */;
INSERT INTO `commission_record` VALUES (1,1,4,2,12000.00,0.0150,3,'2026-03-10 14:00:00','2026-03-15 16:00:00','6222021234567890',NULL,'2026-03-05 10:00:00','2026-03-15 16:00:00',0),(2,2,4,6,60000.00,0.0120,3,'2026-01-25 11:00:00','2026-02-01 15:00:00','6222021234567891','大额合同额外奖励','2026-01-20 10:00:00','2026-02-01 15:00:00',0),(3,3,3,1,7500.00,0.0150,1,NULL,NULL,NULL,NULL,'2026-04-13 10:00:00','2026-04-13 10:00:00',0),(4,4,3,5,0.00,0.0150,4,NULL,NULL,NULL,'合同被拒，取消佣金','2026-04-06 10:00:00','2026-04-06 10:00:00',0);
/*!40000 ALTER TABLE `commission_record` ENABLE KEYS */;
UNLOCK TABLES;

--
-- Table structure for table `finance_product`
--

DROP TABLE IF EXISTS `finance_product`;
/*!40101 SET @saved_cs_client     = @@character_set_client */;
/*!50503 SET character_set_client = utf8mb4 */;
CREATE TABLE `finance_product` (
  `id` bigint NOT NULL AUTO_INCREMENT COMMENT '产品ID',
  `product_code` varchar(50) COLLATE utf8mb4_unicode_ci NOT NULL COMMENT '产品编码',
  `product_name` varchar(100) COLLATE utf8mb4_unicode_ci NOT NULL COMMENT '产品名称',
  `bank_id` bigint NOT NULL COMMENT '所属银行ID',
  `min_amount` decimal(15,2) NOT NULL COMMENT '最小贷款金额',
  `max_amount` decimal(15,2) NOT NULL COMMENT '最大贷款金额',
  `interest_rate` decimal(7,4) NOT NULL COMMENT '年利率',
  `min_term` int NOT NULL COMMENT '最小期限(月)',
  `max_term` int NOT NULL COMMENT '最大期限(月)',
  `requirements` text COLLATE utf8mb4_unicode_ci COMMENT '申请条件(JSON数组)',
  `documents` text COLLATE utf8mb4_unicode_ci COMMENT '所需材料(JSON数组)',
  `product_features` text COLLATE utf8mb4_unicode_ci COMMENT '产品特点',
  `commission_rate` decimal(6,4) DEFAULT NULL COMMENT '渠道佣金比例',
  `status` tinyint NOT NULL DEFAULT '1' COMMENT '状态: 1-上架 0-下架',
  `sort_order` int NOT NULL DEFAULT '0' COMMENT '显示顺序',
  `online_time` datetime DEFAULT NULL COMMENT '上架时间',
  `offline_time` datetime DEFAULT NULL COMMENT '下架时间',
  `created_by` bigint DEFAULT NULL COMMENT '创建人',
  `created_at` datetime NOT NULL DEFAULT CURRENT_TIMESTAMP COMMENT '创建时间',
  `updated_by` bigint DEFAULT NULL COMMENT '修改人',
  `updated_at` datetime NOT NULL DEFAULT CURRENT_TIMESTAMP ON UPDATE CURRENT_TIMESTAMP COMMENT '修改时间',
  `deleted` tinyint NOT NULL DEFAULT '0' COMMENT '逻辑删除',
  PRIMARY KEY (`id`),
  UNIQUE KEY `uk_product_code` (`product_code`),
  KEY `idx_bank_id` (`bank_id`),
  KEY `idx_status` (`status`),
  KEY `idx_min_amount` (`min_amount`),
  KEY `idx_deleted` (`deleted`)
) ENGINE=InnoDB AUTO_INCREMENT=7 DEFAULT CHARSET=utf8mb4 COLLATE=utf8mb4_unicode_ci COMMENT='金融产品表';
/*!40101 SET character_set_client = @saved_cs_client */;

--
-- Dumping data for table `finance_product`
--

LOCK TABLES `finance_product` WRITE;
/*!40000 ALTER TABLE `finance_product` DISABLE KEYS */;
INSERT INTO `finance_product` VALUES (1,'ICBC_BIZ_001','工商银行企业经营贷',1,100000.00,5000000.00,0.0450,12,60,'[\"è¥ä¸šæ‰§ç…§æ»¡1å¹´\",\"è¿‘6ä¸ªæœˆé“¶è¡Œæµæ°´\",\"èµ„äº§è´Ÿå€ºçŽ‡<70%\"]','[\"è¥ä¸šæ‰§ç…§åŽŸä»¶\",\"è¿‘6ä¸ªæœˆè´¢åŠ¡æŠ¥è¡¨\",\"æ³•äººèº«ä»½è¯\"]','é¢åº¦é«˜ï¼Œæ”¾æ¬¾å¿«ï¼Œåˆ©çŽ‡ä¼˜æƒ ',0.0150,1,1,'2026-01-01 00:00:00',NULL,1,'2026-01-01 00:00:00',NULL,'2026-04-22 15:45:48',0),(2,'CCB_PERSONAL_001','建设银行个人消费贷',2,50000.00,1000000.00,0.0550,6,36,'[\"æœˆæ”¶å…¥>8000\",\"ä¿¡ç”¨è®°å½•è‰¯å¥½\"]','[\"æ”¶å…¥è¯æ˜Ž\",\"å¾ä¿¡æŠ¥å‘Š\",\"èº«ä»½è¯\"]','çº¯ä¿¡ç”¨ï¼Œæ— éœ€æŠµæŠ¼',0.0120,1,2,'2026-01-01 00:00:00',NULL,1,'2026-01-01 00:00:00',NULL,'2026-04-22 15:45:48',0),(3,'ABC_SUPPLY_001','农业银行供应链金融',3,200000.00,3000000.00,0.0400,6,48,'[\"æ ¸å¿ƒä¼ä¸šä¸Šä¸‹æ¸¸å®¢æˆ·\",\"è´­é”€åˆåŒ\"]','[\"è´­é”€åˆåŒ\",\"å‘ç¥¨\",\"åº”æ”¶è´¦æ¬¾å‡­è¯\"]','ä¾æ‰˜æ ¸å¿ƒä¼ä¸šï¼Œé¢åº¦çµæ´»',0.0180,1,3,'2026-01-10 00:00:00',NULL,1,'2026-01-10 00:00:00',NULL,'2026-04-22 15:45:48',0),(4,'TEST_MIN_RATE','测试最低利率',1,100000.00,1000000.00,0.0300,12,24,'[]','[]','æµ‹è¯•ç”¨æœ€ä½Žåˆ©çŽ‡äº§å“',0.0100,1,10,'2026-01-01 00:00:00',NULL,1,'2026-01-01 00:00:00',NULL,'2026-04-22 15:45:48',0),(5,'TEST_MAX_RATE','测试最高利率',2,100000.00,500000.00,0.2000,6,12,'[]','[]','æµ‹è¯•ç”¨æœ€é«˜åˆ©çŽ‡äº§å“',0.0200,1,11,'2026-01-01 00:00:00',NULL,1,'2026-01-01 00:00:00',NULL,'2026-04-22 15:45:48',0),(6,'OLD_PRODUCT_001','已下线产品',4,50000.00,500000.00,0.0500,6,24,'[]','[]','å·²äºŽ2026å¹´3æœˆä¸‹çº¿',0.0100,0,99,'2026-01-01 00:00:00','2026-03-01 00:00:00',1,'2026-01-01 00:00:00',NULL,'2026-04-22 15:45:48',0);
/*!40000 ALTER TABLE `finance_product` ENABLE KEYS */;
UNLOCK TABLES;

--
-- Table structure for table `loan_audit`
--

DROP TABLE IF EXISTS `loan_audit`;
/*!40101 SET @saved_cs_client     = @@character_set_client */;
/*!50503 SET character_set_client = utf8mb4 */;
CREATE TABLE `loan_audit` (
  `id` bigint NOT NULL AUTO_INCREMENT COMMENT '审核ID',
  `contract_id` bigint NOT NULL COMMENT '关联合同ID',
  `finance_specialist_id` bigint DEFAULT NULL COMMENT '负责金融专员ID',
  `recommended_product_id` bigint DEFAULT NULL COMMENT '推荐产品ID',
  `approved_amount` decimal(15,2) DEFAULT NULL COMMENT '审批金额',
  `approved_term` int DEFAULT NULL COMMENT '审批期限(月)',
  `approved_interest_rate` decimal(7,4) DEFAULT NULL COMMENT '审批利率',
  `audit_status` tinyint NOT NULL DEFAULT '1' COMMENT '审核状态: 1-待审核 2-审核中 3-已通过 4-已拒绝',
  `bank_id` bigint DEFAULT NULL COMMENT '提交银行ID',
  `bank_audit_status` varchar(30) COLLATE utf8mb4_unicode_ci DEFAULT NULL COMMENT '银行审核状态: pending/in_review/approved/rejected',
  `bank_apply_time` datetime DEFAULT NULL COMMENT '提交银行时间',
  `bank_feedback_time` datetime DEFAULT NULL COMMENT '银行反馈时间',
  `bank_feedback_content` text COLLATE utf8mb4_unicode_ci COMMENT '银行反馈内容',
  `reject_reason` varchar(500) COLLATE utf8mb4_unicode_ci DEFAULT NULL COMMENT '拒绝原因',
  `audit_opinion` text COLLATE utf8mb4_unicode_ci COMMENT '审核意见',
  `audit_date` datetime DEFAULT NULL COMMENT '审核日期(内部)',
  `loan_granted_date` datetime DEFAULT NULL COMMENT '银行放款日期',
  `actual_loan_amount` decimal(15,2) DEFAULT NULL COMMENT '实际放款金额',
  `actual_interest_rate` decimal(7,4) DEFAULT NULL COMMENT '实际执行利率',
  `created_at` datetime NOT NULL DEFAULT CURRENT_TIMESTAMP COMMENT '创建时间',
  `updated_at` datetime NOT NULL DEFAULT CURRENT_TIMESTAMP ON UPDATE CURRENT_TIMESTAMP COMMENT '修改时间',
  `deleted` tinyint NOT NULL DEFAULT '0' COMMENT '逻辑删除',
  PRIMARY KEY (`id`),
  UNIQUE KEY `uk_contract_id` (`contract_id`),
  KEY `idx_finance_specialist_id` (`finance_specialist_id`),
  KEY `idx_audit_status` (`audit_status`),
  KEY `idx_bank_id` (`bank_id`),
  KEY `idx_deleted` (`deleted`)
) ENGINE=InnoDB AUTO_INCREMENT=9 DEFAULT CHARSET=utf8mb4 COLLATE=utf8mb4_unicode_ci COMMENT='贷款审核表';
/*!40101 SET character_set_client = @saved_cs_client */;

--
-- Dumping data for table `loan_audit`
--

LOCK TABLES `loan_audit` WRITE;
/*!40000 ALTER TABLE `loan_audit` DISABLE KEYS */;
INSERT INTO `loan_audit` VALUES (1,3,NULL,1,NULL,1,NULL,1,NULL,'pending',NULL,NULL,NULL,NULL,NULL,NULL,NULL,NULL,NULL,'2026-04-08 10:00:00','2026-04-08 10:00:00',0),(2,4,6,1,NULL,NULL,NULL,2,2,'pending',NULL,NULL,NULL,NULL,'客户资质良好，建议批准',NULL,NULL,NULL,NULL,'2026-04-10 15:00:00','2026-04-11 09:00:00',0),(3,1,6,1,500000.00,24,0.0450,3,1,'in_review','2026-04-13 10:00:00',NULL,NULL,NULL,'符合银行要求，提交审批','2026-04-13 10:00:00',NULL,NULL,NULL,'2026-04-13 09:00:00','2026-04-13 10:00:00',0),(4,2,6,2,800000.00,36,0.0550,4,2,'approved','2026-03-03 11:00:00','2026-03-10 14:00:00','审批通过，同意放款',NULL,'银行已通过，等待终审','2026-03-10 14:00:00',NULL,NULL,NULL,'2026-03-02 10:00:00','2026-03-10 14:00:00',0),(5,5,6,1,NULL,NULL,NULL,4,1,'rejected','2026-04-05 15:00:00','2026-04-06 10:00:00','企业流水不足','企业流水不符合银行要求',NULL,NULL,NULL,NULL,NULL,'2026-04-05 14:00:00','2026-04-06 10:00:00',0),(6,6,6,3,5000000.00,48,0.0400,6,3,'approved','2026-01-16 15:00:00','2026-01-25 11:00:00','银行审批通过',NULL,'终审批准','2026-01-25 11:00:00','2026-01-28 16:00:00',4850000.00,0.0420,'2026-01-16 10:00:00','2026-01-28 16:00:00',0),(7,7,6,1,NULL,NULL,NULL,7,5,'pending',NULL,NULL,NULL,'高风险行业','行业风险过高，拒绝','2026-04-09 17:00:00',NULL,NULL,NULL,'2026-04-08 11:00:00','2026-04-09 17:00:00',0),(8,8,6,4,0.01,6,0.0300,3,1,'in_review','2026-04-13 16:00:00',NULL,NULL,NULL,'边界金额测试','2026-04-13 16:00:00',NULL,NULL,NULL,'2026-04-13 15:00:00','2026-04-13 16:00:00',0);
/*!40000 ALTER TABLE `loan_audit` ENABLE KEYS */;
UNLOCK TABLES;

--
-- Table structure for table `loan_audit_record`
--

DROP TABLE IF EXISTS `loan_audit_record`;
/*!40101 SET @saved_cs_client     = @@character_set_client */;
/*!50503 SET character_set_client = utf8mb4 */;
CREATE TABLE `loan_audit_record` (
  `id` bigint NOT NULL AUTO_INCREMENT COMMENT '审核记录ID',
  `loan_audit_id` bigint NOT NULL COMMENT '贷款审核ID',
  `operator_id` bigint NOT NULL COMMENT '操作人ID',
  `operator_name` varchar(50) COLLATE utf8mb4_unicode_ci DEFAULT NULL COMMENT '操作人姓名',
  `operator_role` varchar(30) COLLATE utf8mb4_unicode_ci DEFAULT NULL COMMENT '操作人角色',
  `action` varchar(50) COLLATE utf8mb4_unicode_ci NOT NULL COMMENT '操作类型: receive/review/submit_bank/bank_result/approve/reject/return',
  `content` text COLLATE utf8mb4_unicode_ci COMMENT '操作说明/意见',
  `attachment_urls` text COLLATE utf8mb4_unicode_ci COMMENT '附件URLs',
  `created_at` datetime NOT NULL DEFAULT CURRENT_TIMESTAMP COMMENT '操作时间',
  PRIMARY KEY (`id`),
  KEY `idx_loan_audit_id` (`loan_audit_id`),
  KEY `idx_operator_id` (`operator_id`),
  KEY `idx_created_at` (`created_at`)
) ENGINE=InnoDB AUTO_INCREMENT=12 DEFAULT CHARSET=utf8mb4 COLLATE=utf8mb4_unicode_ci COMMENT='贷款审核记录表(审核轨迹)';
/*!40101 SET character_set_client = @saved_cs_client */;

--
-- Dumping data for table `loan_audit_record`
--

LOCK TABLES `loan_audit_record` WRITE;
/*!40000 ALTER TABLE `loan_audit_record` DISABLE KEYS */;
INSERT INTO `loan_audit_record` VALUES (1,3,6,'金融专员A','金融专员','接收','接收合同，开始初审',NULL,'2026-04-13 09:00:00'),(2,3,6,'金融专员A','金融专员','初审','初审通过，建议额度50万，24期',NULL,'2026-04-13 10:00:00'),(3,3,6,'金融专员A','金融专员','提交银行','提交工商银行审批',NULL,'2026-04-13 10:00:00'),(4,4,6,'金融专员A','金融专员','接收','接收合同',NULL,'2026-03-02 10:00:00'),(5,4,6,'金融专员A','金融专员','初审','企业资质良好',NULL,'2026-03-02 11:00:00'),(6,4,6,'金融专员A','金融专员','提交银行','提交建设银行',NULL,'2026-03-03 11:00:00'),(7,4,6,'金融专员A','金融专员','银行结果','银行审批通过','{\"approved\":true,\"bankFeedbackContent\":\"审批通过，同意放款\"}','2026-03-10 14:00:00'),(8,4,1,'审计员','审计员','批准','终审批准，放款',NULL,'2026-03-10 15:00:00'),(9,5,6,'金融专员A','金融专员','提交银行','提交工商银行',NULL,'2026-04-05 15:00:00'),(10,5,6,'金融专员A','金融专员','银行结果','银行拒绝','{\"approved\":false,\"bankFeedbackContent\":\"企业流水不足\"}','2026-04-06 10:00:00'),(11,5,1,'审计员','审计员','拒绝','终审拒绝，原因：行业风险过高',NULL,'2026-04-09 17:00:00');
/*!40000 ALTER TABLE `loan_audit_record` ENABLE KEYS */;
UNLOCK TABLES;

--
-- Table structure for table `service_fee_record`
--

DROP TABLE IF EXISTS `service_fee_record`;
/*!40101 SET @saved_cs_client     = @@character_set_client */;
/*!50503 SET character_set_client = utf8mb4 */;
CREATE TABLE `service_fee_record` (
  `id` bigint NOT NULL AUTO_INCREMENT COMMENT '服务费记录ID',
  `contract_id` bigint NOT NULL COMMENT '合同ID',
  `fee_type` tinyint NOT NULL COMMENT '费用类型: 1-首期服务费 2-二期服务费',
  `amount` decimal(15,2) NOT NULL COMMENT '实收金额',
  `should_amount` decimal(15,2) NOT NULL COMMENT '应收金额',
  `payment_method` varchar(30) COLLATE utf8mb4_unicode_ci DEFAULT NULL COMMENT '支付方式: bank_transfer/wechat/alipay/cash',
  `payment_status` tinyint NOT NULL DEFAULT '0' COMMENT '支付状态: 0-未付 1-已付 2-部分付',
  `payment_date` date DEFAULT NULL COMMENT '支付日期',
  `payment_account` varchar(100) COLLATE utf8mb4_unicode_ci DEFAULT NULL COMMENT '付款账户',
  `receipt_no` varchar(50) COLLATE utf8mb4_unicode_ci DEFAULT NULL COMMENT '收据编号',
  `accountant_id` bigint NOT NULL COMMENT '会计ID',
  `remark` varchar(500) COLLATE utf8mb4_unicode_ci DEFAULT NULL COMMENT '备注',
  `created_at` datetime NOT NULL DEFAULT CURRENT_TIMESTAMP COMMENT '创建时间',
  `updated_at` datetime NOT NULL DEFAULT CURRENT_TIMESTAMP ON UPDATE CURRENT_TIMESTAMP COMMENT '修改时间',
  `deleted` tinyint NOT NULL DEFAULT '0' COMMENT '逻辑删除',
  PRIMARY KEY (`id`),
  KEY `idx_contract_id` (`contract_id`),
  KEY `idx_fee_type` (`fee_type`),
  KEY `idx_payment_status` (`payment_status`),
  KEY `idx_accountant_id` (`accountant_id`),
  KEY `idx_deleted` (`deleted`)
) ENGINE=InnoDB AUTO_INCREMENT=6 DEFAULT CHARSET=utf8mb4 COLLATE=utf8mb4_unicode_ci COMMENT='服务费记录表';
/*!40101 SET character_set_client = @saved_cs_client */;

--
-- Dumping data for table `service_fee_record`
--

LOCK TABLES `service_fee_record` WRITE;
/*!40000 ALTER TABLE `service_fee_record` DISABLE KEYS */;
INSERT INTO `service_fee_record` VALUES (1,2,1,20000.00,20000.00,'bank_transfer',1,'2026-03-01','6222021234567890','R20260301001',1,NULL,'2026-03-01 16:00:00','2026-03-01 16:00:00',0),(2,2,2,8000.00,8000.00,'bank_transfer',1,'2026-03-20','6222021234567890','R20260320001',1,NULL,'2026-03-20 15:00:00','2026-03-20 15:00:00',0),(3,1,1,10000.00,15000.00,'wechat',2,'2026-04-12','wx123456789',NULL,1,'部分支付，剩余5000待付','2026-04-12 17:00:00','2026-04-12 17:00:00',0),(4,4,1,0.00,9000.00,NULL,0,NULL,NULL,NULL,1,'待支付','2026-04-10 15:00:00','2026-04-10 15:00:00',0),(5,6,1,100000.00,100000.00,'cash',1,'2026-01-15','现金','R20260115001',1,'一次性现金支付','2026-01-15 17:00:00','2026-01-15 17:00:00',0);
/*!40000 ALTER TABLE `service_fee_record` ENABLE KEYS */;
UNLOCK TABLES;
/*!40103 SET TIME_ZONE=@OLD_TIME_ZONE */;

/*!40101 SET SQL_MODE=@OLD_SQL_MODE */;
/*!40014 SET FOREIGN_KEY_CHECKS=@OLD_FOREIGN_KEY_CHECKS */;
/*!40014 SET UNIQUE_CHECKS=@OLD_UNIQUE_CHECKS */;
/*!40101 SET CHARACTER_SET_CLIENT=@OLD_CHARACTER_SET_CLIENT */;
/*!40101 SET CHARACTER_SET_RESULTS=@OLD_CHARACTER_SET_RESULTS */;
/*!40101 SET COLLATION_CONNECTION=@OLD_COLLATION_CONNECTION */;
/*!40111 SET SQL_NOTES=@OLD_SQL_NOTES */;

-- Dump completed on 2026-04-22 16:29:32
